prbs_segment,start_d,end_d,duration_d,pH_sp,stage2_pH_start,stage2_pH_end,stage2_pH_min,stage2_pH_max,MAE_pH,RMSE_pH,final_abs_error_pH,q_NaOH_max_m3_d,q_HCl_max_m3_d
0,0.0,1.9567581112961003,1.9567581112961003,7.0,7.261303246469217,7.008035413642661,7.0076920631477,7.280290499439009,0.04156131606793328,0.08499351674567522,0.008035413642661027,0.0,3.658659174093261
1,1.9567581112961003,3.818156621971438,1.8613985106753377,8.4,7.008036418814034,8.40734938207598,7.008036418814034,8.445261350913922,0.08831110625698525,0.29678709795296926,0.007349382075979349,8.058034095096936,0.4418372207192419
2,3.818156621971438,5.095955173367859,1.2777985513964207,7.0,8.40731771070209,6.99993575050679,6.971354947031851,8.40731771070209,0.14016867310167122,0.3954745485698944,6.42494932101556e-05,0.1627095123205602,17.914392488844566
3,5.095955173367859,5.914398024677552,0.8184428513096931,8.4,6.99992950997425,8.398619082590336,6.999916247153912,8.461888578285496,0.14733749796835413,0.38776169313903003,0.001380917409663951,8.024372727482461,0.5221220787410661
4,5.914398024677552,7.726811736070119,1.8124137113925674,7.0,8.398629646362219,6.9972687758773695,6.930294271886231,8.398718653286371,0.12097037144769132,0.37650393062043164,0.0027312241226304934,0.1658362835064177,17.908205369951826
5,7.726811736070119,8.867305897050882,1.1404941609807624,8.4,6.997272965180919,8.395870573421247,6.997272965180919,8.482415571407055,0.10587643499124283,0.32303953993752627,0.004129426578753481,8.024872205416058,0.7004669576944531
6,8.867305897050882,11.187295028026094,2.3199891309752125,7.0,8.395891227427374,6.996591378327934,6.902529792135221,8.395891227427374,0.04646447645680727,0.2001732721969053,0.0034086216720661255,0.2979245670845483,17.907390559537475
7,11.187295028026094,13.57035001186875,2.3830549838426567,8.4,6.996601416246079,8.397042473040958,6.996601416246079,8.496683200252486,0.07758260666178868,0.2893611682504973,0.002957526959042056,8.027102445801233,0.8895210966434282
8,13.57035001186875,16.298093720335366,2.7277437084666154,7.0,8.397056675345512,6.9960160009608,6.901354781707251,8.397127807586015,0.06934605330142286,0.2672670079450229,0.003983999039199659,0.3106670035550326,17.90985731604838
9,16.298093720335366,18.297763543090745,1.9996698227553793,8.4,6.996032853644693,8.396022314305629,6.996032853644693,8.500324722969202,0.09960268889963386,0.3316320683602829,0.003977685694371402,8.026840073080464,0.9448491923001132
10,18.297763543090745,20.347433097131635,2.0496695540408894,7.0,8.396041247791626,6.99530795176391,6.892253738133511,8.39617428538432,0.10413332144551228,0.3382650256541074,0.004692048236090152,0.3590159249948395,17.909873934003635
11,20.347433097131635,21.56059095521877,1.2131578580871363,8.4,6.995319802011824,8.393910668041192,6.995312876009407,8.498927147450349,0.10173593952034289,0.3120248511467203,0.006089331958808231,8.02598084038218,0.9377143221565564
12,21.56059095521877,24.390649715286827,2.830058760068056,7.0,8.393939826847713,6.996324602786064,6.88098792050894,8.394115658014874,0.07008460811713667,0.2743008809594011,0.003675397213935838,0.4146496044961526,17.90833926854954
13,24.390649715286827,25.78847660363983,1.397826888353002,8.4,6.996318682030765,8.395280462499649,6.996318682030765,8.505347544186963,0.17176803291925022,0.44854695171247183,0.004719537500351478,8.032321655267278,0.9941984557618444
14,25.78847660363983,28.317539850249812,2.529063246609983,7.0,8.395303297865965,6.996379891154311,6.878862013900737,8.395487632219778,0.08936924980709705,0.31693346806095546,0.003620108845688641,0.434252436864865,17.909717746795444
15,28.317539850249812,29.85594555969057,1.5384057094407595,8.4,6.996427568292773,8.395814845400913,6.996405808295681,8.5049585687314,0.10862182646896179,0.34008032140454897,0.004185154599086971,8.032693059995749,0.9877254790563432
16,29.85594555969057,32.195212585345345,2.339267025654774,7.0,8.395836093782762,6.996161409164589,6.882327995549755,8.395857408791711,0.05334444751296736,0.21951938248576497,0.0038385908354108267,0.4154686531444527,17.910614297224722
17,32.195212585345345,33.02557564920001,0.8303630638546622,8.4,6.996164191943287,8.394395501520826,6.996164191943287,8.503678014251996,0.19681773431479313,0.46288459061440107,0.005604498479174325,8.032674012048933,0.9737248064462268
18,33.02557564920001,34.19542469007696,1.1698490408769544,7.0,8.394401887857873,6.994915176302662,6.871104962152314,8.394468516985807,0.19893328477232958,0.48438626042903776,0.005084823697337981,0.474205634456549,17.909953061870166
19,34.19542469007696,34.9103586089267,0.7149339188497379,8.4,6.994943780959436,8.393692978517942,6.994937474705984,8.501842245808298,0.22743199820845642,0.49917923077688425,0.006307021482058417,8.031920918266259,0.9668536392886508
20,34.9103586089267,37.71162370900559,2.8012651000788935,7.0,8.393659067972886,6.996732538687538,6.868815805701602,8.393659067972886,0.08000524718169742,0.30047619005512294,0.0032674613124621388,0.4806975264311448,17.912242136500744
21,37.71162370900559,40.60645208477018,2.8948283757645896,8.4,6.9967269156849525,8.398046216085229,6.9967269156849525,8.507040882025438,0.04889531350087955,0.21750236051850327,0.001953783914771634,8.036033340931832,1.0035938935053506
22,40.60645208477018,43.4740344956752,2.8675824109050154,7.0,8.39805585289564,6.996166029131441,6.903528983699253,8.398065532083972,0.045953634402960894,0.19925911577468527,0.003833970868559078,0.3012733552568705,17.913877479176502
23,43.4740344956752,44.030735423180246,0.5567009275050481,8.4,6.996121983971022,8.397076738048117,6.996121983971022,8.50084560327443,0.2154434074060814,0.46114437313203466,0.0029232619518833047,8.032085374740307,0.9388565086284888
24,44.030735423180246,45.71794886172648,1.6872134385462303,7.0,8.39684374077661,6.995769446631542,6.869735762203805,8.39684374077661,0.13835501327833621,0.40305500944203243,0.004230553368458345,0.4792918833978603,17.921889077194287
25,45.71794886172648,46.90911385020053,1.1911649884740498,8.4,6.995813414398669,8.395083039947945,6.995813414398669,8.50391727177575,0.11426248462398933,0.3389064750446402,0.00491696005205533,8.034631968556985,0.977065874003764
26,46.90911385020053,47.4860031549956,0.576889304795074,7.0,8.395106539252133,7.001098557572773,6.879370341197356,8.395296554636763,0.37739099416191263,0.6658506486441621,0.0010985575727726626,0.4297156920947527,17.910752214174167
27,47.4860031549956,48.18678663399923,0.7007834790036327,8.4,6.999961959071324,8.392426732907456,6.998821525315464,8.495462970249546,0.15000577030535192,0.37276789854862263,0.007573267092544356,7.999508015743334,0.907794174695546
28,48.18678663399923,50.78100295774003,2.5942163237407954,7.0,8.392405220903312,6.995942170988407,6.875902143835957,8.392405220903312,0.07532736728738498,0.28599736196928094,0.004057829011593128,0.4327448491169675,17.911982255891466
29,50.78100295774003,53.32308304645891,2.5420800887188832,8.4,6.995911719574446,8.397419824174257,6.995911719574446,8.504645526116725,0.0897646196298005,0.31959920850393886,0.002580175825743325,8.03538170890362,0.9823232532259308
30,53.32308304645891,55.94733484937287,2.6242518029139603,7.0,8.397432309394189,6.99592716360258,6.900293482186439,8.397482249208364,0.06609222333378796,0.2582803188222074,0.004072836397419621,0.3171909840632371,17.91366828894605
31,55.94733484937287,58.41568835645697,2.468353507084096,8.4,6.995954947865132,8.397276822008429,6.995954947865132,8.500323627233223,0.06914318451305076,0.26938693957831766,0.0027231779915712906,8.032300756010608,0.933689410023496
32,58.41568835645697,61.14536050124404,2.7296721447870738,7.0,8.397289679620696,6.9959186714044606,6.903558604360939,8.397392617765881,0.08482446250951842,0.3061561989802393,0.004081328595539446,0.297400714688885,17.913721635111738
33,61.14536050124404,63.53897566701495,2.3936151657709104,8.4,6.995863224799245,8.397130119774035,6.995863224799245,8.500108373400085,0.10161139891526644,0.34299816734941285,0.00286988022596546,8.032251693577818,0.9307172044960268
34,63.53897566701495,65.0610924085894,1.5221167415744503,7.0,8.397143695229957,6.994568097153033,6.902115925378155,8.397252430904066,0.14815009268843604,0.4100003835580918,0.0054319028469667074,0.3051922082348914,17.913578418355673
35,65.0610924085894,67.7812635710963,2.720171162506901,8.4,6.994580894427056,8.396983245511963,6.994580894427056,8.492920708397465,0.06886038416785822,0.27144608455761715,0.0030167544880370656,8.026914015277441,0.8657713216479922
36,67.7812635710963,69.63328761086689,1.8520240397705834,7.0,8.39699728047335,6.994453611352127,6.910863425416325,8.39710925720788,0.12392617530843072,0.37252967885601385,0.005546388647872824,0.2526141599512331,17.913945731098618
37,69.63328761086689,70.2789785920852,0.6456909812183085,8.4,6.994472538678123,8.395146543410158,6.994472538678123,8.492505486552142,0.38791567931058735,0.686073755821901,0.004853456589842153,8.026631756354341,0.8614304593000982
38,70.2789785920852,72.57580043289028,2.2968218408050802,7.0,8.394941945634763,6.995733515301727,6.878117529956875,8.394941945634763,0.10279212803764487,0.34462886607220206,0.004266484698272954,0.4214721080515776,17.91964324538202
39,72.57580043289028,74.21269206480763,1.6368916319173508,8.4,6.995773909815506,8.396008213891037,6.995773909815506,8.502868373180641,0.09378785723779236,0.3111268502236419,0.00399178610896378,8.034372874019192,0.964149601665378
40,74.21269206480763,76.74978567778085,2.537093612973223,7.0,8.396028028029429,6.996226673336525,6.887916687581588,8.396087697056885,0.0610077127292275,0.24597813975886715,0.003773326663474741,0.3831119601165658,17.91210328909429
41,76.74978567778085,77.79058955002198,1.0408038722411277,8.4,6.99621105072562,8.395098039335826,6.99621105072562,8.502617093032537,0.08856526183338395,0.2703553540634637,0.004901960664174254,8.034285864266328,0.9565776561109922
42,77.79058955002198,80.77020506413098,2.9796155141089997,7.0,8.395120381117064,6.996981997026682,6.879105061144168,8.3953019924217,0.07579563562985825,0.2919987052925149,0.0030180029733175573,0.4313396840907073,17.910689408673054
43,80.77020506413098,81.34282716792399,0.5726221037930088,8.4,6.99694594406051,8.40210758036393,6.99694594406051,8.50595495807106,0.41199840639824525,0.6998832415662194,0.002107580363929884,8.036698124922337,0.9840432174706356
44,81.34282716792399,83.98606973807371,2.6432425701497237,7.0,8.40131571738362,6.997578334994056,6.862317065518825,8.40131571738362,0.05622321513293832,0.2408258591734217,0.0024216650059436517,0.5278278634720774,17.961559772009004
45,83.98606973807371,84.71423961161781,0.728169873544104,8.4,6.99758619437751,8.396275082056563,6.99758619437751,8.508583015341781,0.14432605602807635,0.3622562584729252,0.0037249179434368784,8.03868903825138,1.0075689643823236
46,84.71423961161781,85.87103686590737,1.1567972542895575,7.0,8.396224988633534,6.995936681011884,6.865450249406725,8.396224988633534,0.12491239640410025,0.3632795532122174,0.0040633189881162934,0.514639418995384,17.914239023457274
47,85.87103686590737,86.92814096687025,1.0571041009628743,8.4,6.995970871099903,8.395038547446887,6.995970871099903,8.505003471799283,0.08698252505065208,0.2671616366895753,0.004961452553112977,8.036002361314418,0.9869054073935628
48,86.92814096687025,87.73329946098345,0.8051584941132006,7.0,8.395061439004587,6.99447453810688,6.87603218184387,8.395200354368514,0.23382543508592527,0.5157190413309496,0.005525461893119754,0.4489204310300017,17.91064531096204
49,87.73329946098345,90.63787746678156,2.9045780057981148,8.4,6.994424703588314,8.39722782373012,6.994374669491495,8.498349566202144,0.03977526010924898,0.18316345870878992,0.0027721762698806884,8.030198463615264,0.9326677606748096
50,90.63787746678156,91.20620320851144,0.568325741729879,7.0,8.397240584281784,7.018657244188021,6.9099063901306,8.39736773556737,0.44540120753738216,0.7261891382302817,0.01865724418802106,0.2595887632363772,17.914209854359182
51,91.20620320851144,93.15775625488423,1.9515530463727941,8.4,7.016384595669524,8.394643225284076,7.006972030908064,8.480132316308003,0.07975130524734643,0.2837656246195442,0.005356774715924217,7.938815882165034,1.007975835298348
52,93.15775625488423,94.55278446615652,1.3950282112722903,7.0,8.39466808139988,6.993326359135211,6.911705772723738,8.394866336205657,0.1602213884899554,0.42712335711203936,0.006673640864788943,0.2357181730565581,17.91254258987847
53,94.55278446615652,95.55815519811291,1.0053707319563898,8.4,6.99334052854444,8.392236325921804,6.99334052854444,8.486928712050565,0.18054069639981551,0.4496955618581395,0.0077636740781965585,8.022419713320257,0.8128309245786859
54,95.55815519811291,96.73879138708686,1.1806361889739492,7.0,8.392269485311791,6.993276467144226,6.890113783112188,8.392469846258356,0.16056555083920623,0.42482712504422016,0.006723532855773762,0.3510090745620327,17.9096255400948
55,96.73879138708686,99.4135193386922,2.674727951605334,8.4,6.993290296219438,8.396523523514587,6.993290296219438,8.492608439959435,0.04344228855956596,0.19176763177341224,0.0034764764854138264,8.027013942406382,0.8780461404628411
56,99.4135193386922,102.22413036883144,2.810611030139242,7.0,8.396539597584072,6.995494711955091,6.910137447864631,8.396667670908633,0.08300414458781134,0.3014986590886708,0.004505288044908795,0.2544810060832806,17.913820815495
57,102.22413036883144,102.79620275529123,0.5720723864597943,8.4,6.995471642437217,8.395991800258198,6.995471642437217,8.498294658256166,0.20766008271808223,0.4535968480928393,0.004008199741802443,8.03106729200846,0.9160156546961474
58,102.79620275529123,105.20152991820213,2.4053271629108934,7.0,8.395769420681427,6.9963935883150805,6.872348399271847,8.395769420681427,0.08623106143288224,0.31136763231911957,0.003606411684919486,0.4609968927122523,17.921335172940587
59,105.20152991820213,106.73221826329308,1.530688345090951,8.4,6.9964382361517625,8.396252507725354,6.9964111834319,8.50516716110624,0.09960437506129913,0.32108183721763844,0.0037474922746465467,8.036259209332522,0.9822798760768648
60,106.73221826329308,107.2809162715536,0.5486980082605157,7.0,8.396271701013475,6.999554268953231,6.884137803428479,8.396290969284042,0.21340978578415934,0.4556583347685689,0.00044573104676892683,0.4066334081207408,17.911909246995275
61,107.2809162715536,107.96063984474142,0.6797235731878288,8.4,6.999159210679912,8.393596520921594,6.995408786133123,8.494308201435837,0.32177160810368993,0.616929319259239,0.006403479078405994,8.020464942255813,0.8886377076772883
62,107.96063984474142,110.38298580118744,2.422345956446023,7.0,8.39341173305163,6.995905706342309,6.875131364979862,8.39341173305163,0.0623071635157725,0.25057165774476087,0.004094293657691317,0.4369749667018716,17.920060578947073
63,110.38298580118744,111.62803577253128,1.2450499713438319,8.4,6.995903454612543,8.395255992509542,6.995903454612543,8.504330778981704,0.20289876763047182,0.49137078500450937,0.004744007490458557,8.035643057431102,0.977877112214596
64,111.62803577253128,113.3227731163029,1.6947373437716209,7.0,8.395278161432975,6.995358417999557,6.879575688093454,8.395526650589213,0.15707291806377413,0.4320290798170406,0.004641582000442845,0.4296553035073847,17.911056150532804
65,113.3227731163029,115.89127168060428,2.568498564301379,8.4,6.995393069225324,8.397247384297557,6.995390307433711,8.501375383740733,0.06664271930163036,0.2638790480278484,0.0027526157024428954,8.033441653545374,0.9514565602642782
66,115.89127168060428,116.39152913393944,0.5002574533351662,7.0,8.397260186101393,7.027073360977711,6.904160511088681,8.397388205708138,0.4969047289877045,0.7699600891975962,0.027073360977711403,0.2937429859539022,17.913902545549675
67,116.39152913393944,117.07361516983488,0.6820860358954377,8.4,7.025542515085804,8.392369523864392,7.005379326863963,8.483442090187456,0.33875424149185973,0.6341931001649312,0.0076304761356080775,7.952099590457268,0.9554731242342264
68,117.07361516983488,118.60858664461932,1.5349714747844416,7.0,8.392205517272512,6.993821167940002,6.888761172437111,8.392205517272512,0.10507272364962031,0.33489387842074064,0.0061788320599980295,0.3505790459876472,17.917736109516994
69,118.60858664461932,120.41175308919476,1.8031664445754387,8.4,6.993835282239687,8.395171884153779,6.993835282239687,8.49486420031929,0.06217276277852538,0.2332563428599943,0.004828115846221337,8.028689499807129,0.897027397310083
70,120.41175308919476,122.65911533704735,2.2473622478525925,7.0,8.39519454498912,6.9951286008613325,6.897277651689869,8.395375768062172,0.10112207111526723,0.33635432652024794,0.00487139913866752,0.3237692042656258,17.91238263697413
71,122.65911533704735,125.2951879301992,2.6360725931518516,8.4,6.9951489719547,8.39715418267075,6.9951489719547,8.498657567715107,0.08189726691293116,0.3025593433512411,0.0028458173292502664,8.031222134273575,0.923357884670935
72,125.2951879301992,128.08194332371724,2.7867553935180354,7.0,8.397167540950413,6.995805744178376,6.905916672502201,8.397261221379374,0.07829895095610166,0.29097821943753494,0.00419425582162436,0.2826809521948407,17.91387946851032
73,128.08194332371724,130.60259116627105,2.5206478425538137,8.4,6.995828663633539,8.397309905112555,6.995828663633539,8.499491730743072,0.06203050120056967,0.2509677437868119,0.0026900948874448716,8.031992603261672,0.9252456638843758
74,130.60259116627105,133.18305322924678,2.5804620629757267,7.0,8.397322988691975,6.995787952308475,6.904220164243227,8.397349130564248,0.055668709167624925,0.2275557349206638,0.004212047691525278,0.2932234204675144,17.913789251454055
75,133.18305322924678,135.7808635381775,2.5978103089307183,8.4,6.995815250517829,8.39736949806212,6.995815250517829,8.499312409147132,0.07162123688020731,0.2775941280868496,0.0026305019378796146,8.031545458716753,0.9232411745266486
76,135.7808635381775,138.0333011827567,2.252437644579203,7.0,8.39738178181094,6.9952985849204286,6.9059394431367895,8.397492705005066,0.10810910415075922,0.3495945820948314,0.004701415079571447,0.2838082922922881,17.91395606466597
77,138.0333011827567,138.64070875914678,0.6074075763900737,8.4,6.995311946767904,8.396433420151018,6.995311946767904,8.49680744049613,0.34197902058581464,0.6321237321095637,0.003566579848982343,8.02993084745719,0.9004784093875636
78,138.64070875914678,140.80043479062974,2.159726031482961,7.0,8.396213686387295,6.9959740381389,6.874059077955566,8.396213686387295,0.11600204760731418,0.36933255603305437,0.004025961861099603,0.4500619888807671,17.920935125122192
79,140.80043479062974,142.1815416111943,1.381106820564554,8.4,6.9960152649077685,8.395641760733461,6.995969437883957,8.503930176956022,0.14140984597960624,0.3982280277779999,0.004358239266538888,8.035521030430871,0.972931136463049
80,142.1815416111943,143.60934501085745,1.427803399663162,7.0,8.395663226595094,6.994998000648981,6.88257505595144,8.395792886028628,0.13450017618984464,0.3870180447650515,0.00500199935101886,0.4132665169398137,17.911461979440283
81,143.60934501085745,144.70232622238797,1.092981211530514,8.4,6.9949803166961,8.394273361357852,6.9949803166961,8.499217315241681,0.09829248588742806,0.29823553204118,0.005726638642148174,8.032044065431666,0.9321016570788888
82,144.70232622238797,147.0491471738477,2.3468209514597334,7.0,8.394300262008533,6.995914871346493,6.88128707624242,8.394408452081537,0.07094198511767122,0.27139279335047717,0.004085128653507297,0.4135841703223647,17.91041905199992
83,147.0491471738477,148.76665982837488,1.7175126545271837,8.4,6.995956821321354,8.39625114680812,6.995956821321354,8.503349771911385,0.11478554093540255,0.3576143763291007,0.0037488531918796753,8.035181753371537,0.9666588971418092
84,148.76665982837488,150.706856409019,1.9401965806441126,7.0,8.396268955453136,6.995384029599118,6.889951292066844,8.396448287708438,0.13103984505406133,0.39052891058478123,0.004615970400881686,0.3729608760651585,17.91247104404362
85,150.706856409019,152.26264953292952,1.5557931239105187,8.4,6.995417746114903,8.395580848723325,6.995417746114903,8.499401894684457,0.09816707858319602,0.31885855774101524,0.004419151276675137,8.032093216983704,0.9289425438299186
86,152.26264953292952,153.04344437303962,0.7807948401101044,7.0,8.3956017670432,6.994862128971085,6.8908897432361504,8.39581220741902,0.316424347111979,0.614603834871414,0.005137871028915164,0.3640483155855664,17.91205876298154
87,153.04344437303962,154.66433564688782,1.6208912738482013,8.4,6.99476454578543,8.39439407847747,6.994059618075753,8.491330920051857,0.12312898098063625,0.3707593210876251,0.005605921522530366,8.023888635619208,0.8589157775719607
88,154.66433564688782,157.6587104599824,2.9943748130945664,7.0,8.394420503193425,6.996005990318023,6.896483273515663,8.394632048128397,0.07667836361853408,0.2910570463236374,0.003994009681976607,0.3245860282091797,17.91173037072441
89,157.6587104599824,160.11723589507426,2.4585254350918717,8.4,6.995972666612574,8.397318631008973,6.995972666612574,8.50215677493439,0.08714650636797447,0.31277275755154704,0.002681368991027,8.033893619797519,0.9527721177567174
90,160.11723589507426,162.13755593758793,2.0203200425136743,7.0,8.397331906093639,6.995325996375703,6.900693898729467,8.397331906093639,0.055282922485793265,0.21448901037474422,0.00467400362429693,0.3140016228758757,17.913635063594345
91,162.13755593758793,164.14349983746183,2.0059438998738983,8.4,6.9953414754114265,8.396235413583584,6.9953414754114265,8.497594787498642,0.12138501202371159,0.37578257726662917,0.0037645864164161935,8.030497856943224,0.9087013806823492
92,164.14349983746183,166.5835931836938,2.4400933462319756,7.0,8.396253048480014,6.995639314106813,6.898407568281225,8.396429840964357,0.10520558063581167,0.34757429878619606,0.004360685893186833,0.3227682934511571,17.91290744046463
93,166.5835931836938,168.58091931974351,1.9973261360497077,8.4,6.995669796067167,8.396490588201502,6.995630189241141,8.499381990993793,0.0705283515877441,0.2636330325804054,0.0035094117984986184,8.031933174229875,0.9262117693818536
94,168.58091931974351,170.5465329600398,1.965613640296283,7.0,8.396507628396932,6.995239159797541,6.897113972199938,8.396575828856461,0.0854635765511193,0.2971952835617969,0.004760840202458816,0.3312025626382757,17.91294168800502
95,170.5465329600398,173.33934556098487,2.7928126009450693,8.4,6.995252827541726,8.397377643042844,6.995252827541726,8.4977983230045,0.07221278289865818,0.2812268713669095,0.002622356957155958,8.030780602465816,0.9125459840404928
96,173.33934556098487,174.91100780414695,1.5716622431620806,7.0,8.397390175258725,6.994412901561056,6.908139062617956,8.39742784100621,0.09810083369311359,0.3131553531559832,0.005587098438944338,0.2704244209616934,17.91405092749368
97,174.91100780414695,175.41225148091712,0.5012436767701729,8.4,6.9944272145737685,8.401512932198575,6.9944272145737685,8.491602809566615,0.41260650847695257,0.6962970197925562,0.0015129321985742905,8.026002993226163,0.852198808128192
98,175.41225148091712,177.8681952715439,2.455943790626776,7.0,8.400827201317627,6.996023378839322,6.876673243901766,8.400827201317627,0.09071255174157003,0.3217700505499659,0.0039766211606782065,0.4273349882503329,17.952517274197344
99,177.8681952715439,180.4152611622676,2.547065890723701,8.4,6.996016291986302,8.397511558318959,6.996016291986302,8.503465966740386,0.03843627519422145,0.172991425149168,0.0024884416810415644,8.034969744846515,0.9685580172532504
100,180.4152611622676,181.6476737862746,1.2324126240069972,7.0,8.397523312647648,6.994218060125674,6.90310182373859,8.397617415080601,0.18104212463352207,0.4543425278724652,0.005781939874325737,0.3012438072401848,17.913966719366154
101,181.6476737862746,183.92783842782532,2.2801646415507264,8.4,6.9942330507066295,8.396072044959366,6.9942330507066295,8.49057050807204,0.10111946052143454,0.3397071501848006,0.003927955040634146,8.025201328674628,0.8427766585045039
102,183.92783842782532,185.3927536127322,1.4649151849068858,7.0,8.396090539935837,6.993986315608136,6.906421381456028,8.39620131555226,0.13420566759830957,0.38361578875112345,0.006013684391864338,0.2740729807588019,17.913204061378952
103,185.3927536127322,187.31030496044815,1.9175513477159427,8.4,6.994004164746094,8.395248339334811,6.994004164746094,8.490793654211807,0.12724813827610068,0.3848574956507406,0.00475166066518895,8.025425621915733,0.8476543292171012
104,187.31030496044815,190.2032494684552,2.892944508007048,7.0,8.395270863839372,6.995847874267171,6.901079727835636,8.395405929798628,0.06961973066922547,0.2719141618631648,0.004152125732828971,0.3014838258812595,17.912431386638946
105,190.2032494684552,190.93975145588897,0.736501987433769,8.4,6.995848153379453,8.394616167056203,6.995836120151018,8.500851283623623,0.20145785516979206,0.46301855823481947,0.0053838329437976284,8.03342407892734,0.9400801362972068
106,190.93975145588897,193.0832776327623,2.143526176873337,7.0,8.39458115863145,6.996228011833223,6.8726083405324285,8.39458115863145,0.08321194207269583,0.3003931247511321,0.0037719881667772626,0.4635751717957588,17.91314249255175
107,193.0832776327623,195.20257791205148,2.1193002792891775,8.4,6.996265856816898,8.397080401672756,6.996245922082689,8.504713022623575,0.07276533122282752,0.27265023142263045,0.0029195983272440884,8.036004389414211,0.979218940347664
108,195.20257791205148,195.92873850067107,0.7261605886195923,7.0,8.397094684695073,6.995446186922095,6.8951246332742375,8.39715188580447,0.22213819657688658,0.48856037897468385,0.004553813077905033,0.3460211954908833,17.91326112543396
109,195.92873850067107,197.75777714402545,1.8290386433543802,8.4,6.995304122584563,8.395007677645788,6.994437001208893,8.489876105453202,0.10157513873987589,0.33242513884421454,0.00499232235421232,8.021871841570885,0.8397123314893971
110,197.75777714402545,199.2363848633194,1.478607719293933,7.0,8.395030698452613,6.993874797409986,6.901702815405557,8.395284353011437,0.1804161541776267,0.461767694289086,0.006125202590014034,0.2971404463728054,17.912401149554107
111,199.2363848633194,200.2156164627181,0.9792315993987017,8.4,6.99388544786665,8.392869307081664,6.99388544786665,8.49124447964503,0.10954843147299552,0.31719105946222714,0.007130692918336123,8.025832054883498,0.8555234437893547
112,200.2156164627181,201.3027156356805,1.0870991729624109,7.0,8.392899717129836,6.993531265036646,6.886086767554404,8.392991501813075,0.1327067178572429,0.37272790538463985,0.006468734963354095,0.3776144469655134,17.9097921119839
113,201.3027156356805,204.1401917917599,2.83747615607939,8.4,6.993549267537729,8.396829998514852,6.993549267537729,8.494669783511048,0.06683358437873343,0.2664405244946967,0.003170001485148788,8.028564235775496,0.8973287132879655
114,204.1401917917599,205.9803348916395,1.8401430998796116,7.0,8.396844552292483,6.994313660539637,6.910460045754841,8.396989473827968,0.1398131250856238,0.40099486023853576,0.005686339460362788,0.2542914135598664,17.914016305139803
115,205.9803348916395,206.91445064228665,0.9341157506471518,8.4,6.9943227079153125,8.393047900933851,6.9943227079153125,8.491518860692045,0.11516238822813668,0.3258208902706572,0.006952099066149131,8.02596955026602,0.8534030360315541
116,206.91445064228665,209.74679189198895,2.8323412497022957,7.0,8.393076405957158,6.996078670483995,6.886404074725263,8.393307672672279,0.07981084617471255,0.29893154117713605,0.003921329516004768,0.3774639959362686,17.909900287941237
117,209.74679189198895,210.6099078342744,0.8631159422854466,8.4,6.996112120750443,8.394745623910419,6.996112120750443,8.503088946571038,0.1056840438021906,0.29664204764446284,0.005254376089581569,8.034794661505886,0.9628368297804444
118,210.6099078342744,211.40588479387836,0.7959769596039621,7.0,8.394752836500455,6.994570179913058,6.873018882038522,8.394760265853408,0.14415222606417805,0.3757129264622542,0.005429820086941817,0.4641387533242667,17.91085692793703
119,211.40588479387836,212.52690051218744,1.1210157183090814,8.4,6.99455103084075,8.393864218083607,6.99455103084075,8.500086047814479,0.19951001717709782,0.48240940402523075,0.006135781916393412,8.032540462533408,0.9472355643586758
120,212.52690051218744,213.11322999434424,0.586329482156799,7.0,8.39389190060431,6.999603970159868,6.879719461148615,8.394144368211062,0.3936923016489671,0.6849297819663704,0.00039602984013242803,0.4213981200419722,17.910321949475993
121,213.11322999434424,215.29630105390865,2.183071059564412,8.4,6.998585855586616,8.395571174077372,6.997565075616229,8.494350591768645,0.05219962799267778,0.21101488688900089,0.004428825922628832,8.002824258610227,0.9015040030396024
122,215.29630105390865,217.70515570717325,2.408854653264598,7.0,8.395591781362324,6.995097758865887,6.902645852269803,8.395735920866116,0.08950619108468308,0.312269706328015,0.004902241134113083,0.2938283883729374,17.913013805498835
123,217.70515570717325,220.45009862661607,2.7449429194428205,8.4,6.995117815273332,8.397308751185408,6.995117815273332,8.497899656540511,0.05740514441276127,0.24056548601726074,0.002691248814592484,8.030827130712778,0.9157491245813064
124,220.45009862661607,223.1675145888736,2.717415962257519,7.0,8.397321571334302,6.995700284354074,6.907937866966143,8.397372770096174,0.06416697252516503,0.25341271741662674,0.004299715645926128,0.2713123431568489,17.91403042982629
125,223.1675145888736,224.3104437929788,1.1429292041052008,8.4,6.995725560600527,8.394736218753872,6.995725560600527,8.499022768307684,0.17165787872992866,0.44063907400315394,0.005263781246128474,8.031625790700613,0.9207566246106296
126,224.3104437929788,225.26208261558048,0.9516388226016943,7.0,8.394760685023968,6.994250951221046,6.882540277670495,8.394908949749663,0.19652068128730574,0.4718023103441748,0.005749048778953991,0.408915371428421,17.910590948924266
127,225.26208261558048,227.99319215077875,2.7311095351982715,8.4,6.994267548384337,8.396911425738681,6.994267548384337,8.49666973222901,0.09030308062779574,0.3220068372923047,0.0030885742613193656,8.029943456523421,0.9110990534531226
128,227.99319215077875,229.26297934786652,1.2697871970877657,7.0,8.39692633314478,6.993915762628236,6.906665302258369,8.39692633314478,0.08554392421012498,0.2705684140511025,0.006084237371763557,0.2764344916881036,17.913778076544883
129,229.26297934786652,231.4312798699914,2.1683005221248948,8.4,6.993933353109557,8.39570096766191,6.993933353109557,8.489800027870844,0.11314249887052867,0.36208348754865566,0.0042990323380909246,8.02463771256187,0.8373661247753605
130,231.4312798699914,231.9508378988816,0.5195580288901738,7.0,8.39572121619865,7.01241233190645,6.90518620520103,8.395842507286007,0.36469629832600603,0.6415536869107953,0.012412331906450191,0.2794717443419546,17.91293735790621
131,231.9508378988816,233.9924180284128,2.041580129531212,8.4,7.010549135214165,8.394771280573805,7.00288244477747,8.481788345883048,0.07703615620416826,0.27876600651366684,0.005228719426195738,7.961697621621668,0.9077497234859964
132,233.9924180284128,234.9300752851932,0.9376572567803976,7.0,8.394796347938822,6.992888406006854,6.909747555072778,8.394796347938822,0.11174640667417765,0.3140295429823725,0.007111593993146315,0.2468997984470177,17.912498174957953
133,234.9300752851932,235.5351038763409,0.6050285911477147,8.4,6.992893328401885,8.392695250192668,6.992893328401885,8.483685285395484,0.2937034287537539,0.5793415367490489,0.0073047498073322,8.01969315522068,0.7827779723033012
134,235.5351038763409,238.15877295451057,2.6236690781696552,7.0,8.392521184727794,6.995346986466059,6.886003342828623,8.392521184727794,0.08564299667444346,0.31005179423359286,0.004653013533941319,0.3648723161644673,17.917096889098893
135,238.15877295451057,239.3260017871877,1.1672288326771252,8.4,6.995382084724829,8.394652891667068,6.995382084724829,8.50167625650089,0.17978213438190838,0.45425448134132573,0.005347108332932393,8.033641946773665,0.9547807551917896
136,239.3260017871877,242.26709916441013,2.941097377222434,7.0,8.394678005770134,6.996752387016917,6.87915314898143,8.39477910259819,0.05722548379949471,0.24248825907001142,0.003247612983082959,0.4282016448228724,17.91052599720475
137,242.26709916441013,243.914956816138,1.6478576517278611,8.4,6.996802580600211,8.396608910868066,6.996802580600211,8.505796722843693,0.14590053455016683,0.4130089431959836,0.0033910891319344216,8.03674370721443,0.9841097366491663
138,243.914956816138,245.35429140340295,1.439334587264966,7.0,8.396625511966533,6.995153100181863,6.886347020184019,8.39675952669251,0.15331525827845408,0.41959410310586975,0.004846899818137018,0.3960349386362295,17.912325203000247
139,245.35429140340295,246.7142545667758,1.3599631633728393,8.4,6.995175612618181,8.394984081581674,6.995175612618181,8.498217961732474,0.08038099519666977,0.26819356754596574,0.005015918418326493,8.031049902647114,0.9189770533011856
140,246.7142545667758,249.05406052846908,2.339805961693287,7.0,8.395008902842577,6.995814108247602,6.887323510736939,8.395083643690775,0.06527505425091197,0.2552968036265828,0.004185891752397808,0.3813641226346778,17.911273382048048
141,249.05406052846908,250.4366155049596,1.3825549764905247,8.4,6.995848694999165,8.395485675906667,6.995837735769962,8.501997740563153,0.13192621859824763,0.38089190635749676,0.004514324093333855,8.034018685434477,0.952901373701177
142,250.4366155049596,252.02728348983135,1.590667984871743,7.0,8.395507844004547,6.995142191736608,6.884364892892033,8.395641672441618,0.12096810078696207,0.3662008526637544,0.004857808263391661,0.4018750722160388,17.911427932287673
143,252.02728348983135,254.64899021324945,2.6217067234181,8.4,6.99516205282171,8.397163421726235,6.99516205282171,8.499750201591047,0.08773719578989207,0.3157195453270573,0.0028365782737651557,8.032307374221448,0.935224783512996
144,254.64899021324945,257.26898189761374,2.619991684364294,7.0,8.397176619351844,6.995639885248216,6.90517669611006,8.39729565056533,0.0940951309435908,0.3249891511844416,0.0043601147517842165,0.2872379274123349,17.91388320509768
145,257.26898189761374,258.75027359259843,1.4812916949846908,8.4,6.99565745805993,8.395452242754194,6.99565255549948,8.499024125058172,0.16137712565067008,0.43518327186431643,0.004547757245806139,8.031558556213016,0.9212053582590496
146,258.75027359259843,261.0187146446787,2.268441052080277,7.0,8.395473701457636,6.995737957598655,6.889416334594627,8.39571245716772,0.11896479720350511,0.3734943714618775,0.004262042401345312,0.3723137547608836,17.911769095730193
147,261.0187146446787,262.03035461235504,1.0116399676763308,8.4,6.995668558356714,8.394524154107058,6.995668558356714,8.50110292380468,0.2354646602871016,0.5280831051655975,0.005475845892942033,8.03320392242698,0.94355009704491
148,262.03035461235504,264.44789377351754,2.4175391611624946,7.0,8.39454478585739,6.996322707314472,6.877709236774901,8.394735982590975,0.09847481234566728,0.33669023294965633,0.0036772926855279664,0.4365499227266745,17.91036965223643
149,264.44789377351754,265.1515138232773,0.7036200497597633,8.4,6.996291125612814,8.395360398975548,6.996291125612814,8.504383440536662,0.23070007576355622,0.5019872868569056,0.004639601024452489,8.035780219096635,0.97434402347182
150,265.1515138232773,267.8835861144261,2.7320722911488247,7.0,8.395317526736218,6.99710129357698,6.868906636204938,8.395317526736218,0.0869548316465705,0.3168315598233188,0.0028987064230197035,0.4882341423030243,17.913567479713716
151,267.8835861144261,268.77451694795093,0.8909308335248056,8.4,6.997092814333325,8.39572854122006,6.997092814333325,8.507299513260463,0.2808796389727307,0.5795653697497587,0.004271458779939508,8.037788147501528,0.9974596575060952
152,268.77451694795093,271.3969829113144,2.6224659633634815,7.0,8.395728145104192,6.997215233416405,6.869512445394868,8.395734474209975,0.090361179456102,0.3232718001514392,0.0027847665835949442,0.4900989401201295,17.911262583243385
153,271.3969829113144,273.0162493143512,1.6192664030368178,8.4,6.997174748765648,8.396831573153698,6.997174748765648,8.507296900363354,0.13945932437536462,0.40120414507106045,0.0031684268463028076,8.03793347633217,0.996572855623046
154,273.0162493143512,274.2156830489764,1.1994337346251882,7.0,8.396846957875114,6.994974239634463,6.885325014404103,8.397002962399238,0.20848829657842757,0.4968021451988963,0.005025760365536591,0.4033961010065447,17.912395804081818
155,274.2156830489764,274.7614276580905,0.545744609114081,8.4,6.994985724253987,8.39615496737412,6.994985724253987,8.497339838819599,0.24169637419345721,0.5011252310291716,0.003845032625880762,8.030366357684134,0.9111604829347396
156,274.7614276580905,276.2877363341063,1.5263086760157876,7.0,8.395934517976345,6.994985163141901,6.872738322210476,8.395934517976345,0.16268289598378993,0.43963516168883154,0.005014836858099336,0.4562386165935702,17.920988144457763
157,276.2877363341063,277.7699562066725,1.4822198725661906,8.4,6.994980902891094,8.395171122856423,6.994980902891094,8.501850209713066,0.1429948199542763,0.4035167445219628,0.004828877143577159,8.033937456595627,0.961039053878306
158,277.7699562066725,279.37709067772414,1.6071344710516655,7.0,8.395194001551637,6.994820329289458,6.885867620301433,8.395424371111426,0.15572966003523928,0.42730026611801813,0.005179670710542261,0.3916949661182982,17.911642814883265
159,279.37709067772414,280.0,0.6229093222758593,8.4,6.994810915376455,8.396521958492057,6.994810915376455,8.499054782463627,0.4008342054407031,0.6962179390465906,0.003478041507943175,8.031856471497461,0.9308138871127654
