episode,steps,global_step_end,episode_time_s,elapsed_run_time_s,total_reward,total_reward_raw,total_reward_benefit,total_reward_chemical_cost,total_reward_ph_cost,total_stage1_vfa_produced_kgCOD,total_stage2_vfa_removed_kgCOD,total_stage2_ch4_m3,total_chemical_kmol,total_ph_violation_pH_d,final_stage1_pH,final_stage2_pH,mean_stage1_pH,mean_stage2_pH
0,56,56,5.643106460571289,7.371267795562744,-12.35581090963808,-1235.581090963808,9770.544462390113,43.118775,10963.00677835392,5022.545662377575,4606.580432823863,1414.1836718867455,1437.2925,21.926013556707844,5.198021388758857,12.455203153290384,6.536650577594794,10.539307505045704
1,56,112,6.17058539390564,13.982205152511597,36.989432341455625,3698.943234145562,10210.389704594681,38.771325000000004,6472.6751454491205,5242.031546818504,4817.325904922939,1510.322528532397,1292.3775,12.94535029089824,5.118785559285317,11.864021814355905,6.470052952575804,9.305804151271685
2,56,168,6.234319448471069,20.83622646331787,48.394144175417594,4839.41441754176,10088.855438381943,37.988175,5211.452845840183,5139.734653756939,4774.850548826929,1742.7023579807378,1266.2725,10.422905691680365,5.12504218184962,10.016100516183915,6.5038434836020125,8.938252273929479
3,56,224,6.105405330657959,27.72239923477173,51.4477796971439,5144.77796971439,10386.594108844729,39.679425,5202.136714130339,5264.7035263252,4946.157197868566,1757.3338465096283,1322.6475,10.404273428260677,5.089775068258134,11.768951279093514,6.5066516666940215,8.907216906123791
4,56,280,6.2808778285980225,34.602561712265015,56.61107039179744,5661.107039179744,10321.054506647079,38.7642,4621.183267467335,5217.908035274548,4917.268918835016,1858.7755253751557,1292.1399999999999,9.24236653493467,5.082065629365089,10.243847748171275,6.3930993532785845,8.800480609698008
5,56,336,6.332846164703369,41.63586640357971,68.43939619599755,6843.939619599754,10366.434195988995,34.660650000000004,3487.8339263892403,5176.544731649051,4973.035525387879,2168.5393895206516,1155.355,6.97566785277848,5.071816744594475,8.98897406488894,6.4637906262187395,8.42411418022568
6,56,392,6.335123538970947,48.521260261535645,63.7392188854836,6373.921888548361,10262.227381087609,36.046875,3852.258617539248,5149.086303881226,4908.809445040448,2043.3163216593475,1201.5625,7.704517235078496,5.202448674478935,9.50440392408502,6.584689959384344,8.466882915341037
7,56,448,6.24148154258728,55.358006954193115,95.07055361055882,9507.055361055882,10795.501064364966,31.297499999999996,1257.148203309085,5255.369579907196,5231.028186672417,3091.032977853537,1043.25,2.514296406618169,5.063176192064066,7.147335330877859,6.43423892841952,6.916624366750203
8,56,504,6.378664016723633,62.40009641647339,63.32525820673677,6332.525820673676,10353.108497074485,38.515874999999994,3982.0668014008097,5176.596481108647,4949.361017154195,2271.5099881164433,1283.8625000000002,7.9641336028016205,5.123892912868945,8.670592587453475,6.541937335405204,8.557852719281602
9,56,560,5.7850353717803955,69.23609948158264,75.78956453785551,7578.956453785551,10429.777304404584,34.895475000000005,2815.9253756190346,5160.026000995234,5018.366800645801,2513.8450276354974,1163.1825,5.631850751238069,5.108722400939568,8.60714518132561,6.503211343558327,8.21914159918972
10,56,616,6.5295023918151855,76.51575016975403,88.71290603641916,8871.290603641915,10499.611118210927,41.126324999999994,1587.1941895690115,5135.555197838433,5088.507660933343,2755.482594391523,1370.8775,3.1743883791380227,5.200531298332707,8.384461074334837,6.552720795100014,7.604481514663464
11,56,672,5.962963581085205,83.06848073005676,89.75579389311224,8975.579389311224,10889.45344356342,34.71195,1879.1621042521954,5313.285886533152,5248.393088763076,3277.744682671916,1157.065,3.7583242085043906,5.079830686296225,6.774499941094671,6.425704851277847,7.323591297318287
12,56,728,5.809721946716309,89.40358901023865,21.50662071982145,2150.6620719821444,10593.975500586108,38.823,8404.490428603964,5441.639532207682,5006.649601540898,1456.8636683752632,1294.1,16.808980857207928,5.033223021740838,11.415289499413456,6.284495053640045,9.868677849586074
13,56,784,5.917830228805542,96.00255298614502,85.45023264710224,8545.023264710224,10656.490828940434,44.271074999999996,2067.196489230211,5196.728734542317,5126.302834181023,3334.592602170942,1475.7024999999999,4.134392978460421,5.082706686618348,6.681385916182995,6.415300794978927,7.738698099981022
14,56,840,5.841350317001343,102.71232843399048,66.19671780389139,6619.671780389139,9754.316760491642,46.3365,3088.308480102503,4810.049626338465,4710.625258056516,2336.4187609666133,1544.55,6.176616960205006,5.35487684971161,2.70190349225236,6.666720681300232,6.429888195973899
15,56,896,5.84690260887146,109.19378185272217,75.9172174050574,7591.721740505741,10581.371984256532,37.58175,2952.0684937507913,5187.261913526997,5104.686248345888,2894.238223836461,1252.725,5.904136987501583,5.176461510859313,8.390501573445421,6.526510282726347,6.496667794557373
16,56,952,5.755217552185059,115.78917455673218,-19.878248710416727,-1987.8248710416726,10244.14640306461,35.61855,12196.35272410628,5248.781306127939,4865.027015914187,1303.3808102248222,1187.2849999999999,24.392705448212563,5.067669804358487,1.2858346620887677,6.415879791643648,3.54375008291392
17,56,1008,5.910536527633667,122.74733853340149,48.34126347185267,4834.126347185267,10323.29674608374,38.581199999999995,5450.589198898475,5131.845483633051,4977.625400480461,2138.2586197022847,1286.04,10.90117839779695,5.134742964677821,1.2616330944334841,6.4443482787622415,5.510546223974934
18,56,1064,5.680252313613892,130.15183854103088,93.86218364853562,9386.218364853561,10688.503219974846,32.224425,1270.060430121284,5200.583820598615,5171.1888906977565,3167.3050867847387,1074.1475,2.5401208602425682,5.117960578710218,6.855444122558889,6.446979378415894,7.133983512809331
19,56,1120,5.776834487915039,137.36135840415955,83.97718629501989,8397.71862950199,10502.443085978462,23.35605,2081.368406476472,5115.532264786929,5069.47257833376,3174.3824285777305,778.5349999999999,4.162736812952945,5.2698315468244905,6.614839110210324,6.649758504202819,7.077775665227297
20,56,1176,5.853988885879517,144.33497381210327,89.4620376806723,8946.20376806723,10677.562893851444,23.057399999999998,1708.3017257842146,5211.398395371647,5163.269180517121,3028.953179626745,768.5799999999999,3.4166034515684287,5.096247296855446,6.1060444225452475,6.488777314968331,7.072851760057686
21,56,1232,6.100287675857544,151.38119959831238,90.49256948948907,9049.256948948907,10550.285405298713,26.813175,1474.2152813498058,5124.373517180431,5101.1885908048735,3247.232973134084,893.7725,2.9484305626996115,5.344165673763228,6.645201007691248,6.686462994253704,7.012221069154307
22,56,1288,6.497052431106567,158.94919157028198,92.96614350927716,9296.614350927715,10788.664854085466,34.66005,1457.3904531577498,5247.798209782284,5221.075884386108,3197.907599170748,1155.335,2.9147809063154995,5.10434480821523,5.96575330012781,6.472439140685446,6.792968991560009
23,56,1344,6.605778932571411,166.39858174324036,88.19543934052024,8819.543934052024,10670.631933033146,28.582274999999996,1822.5057239811208,5221.536633490091,5168.164329429155,2809.309701139,952.7425000000001,3.6450114479622417,5.067555811359319,8.426776443675928,6.411536673378284,7.086170286096975
24,56,1400,5.744466543197632,172.96655106544495,81.62537793699816,8162.537793699816,9936.29023064312,21.195600000000002,1752.5568369433054,4828.069760292286,4799.406907804242,3088.1356254659213,706.52,3.50511367388661,5.392055933371505,6.292091881276323,6.689462265758371,6.716266999362247
25,56,1456,5.799790143966675,179.3380410671234,88.51088173616576,8851.088173616576,10613.002119090248,19.094549999999998,1742.8193954736732,5164.3812479393255,5139.363472702355,3092.5739844856867,636.485,3.4856387909473465,5.273948033669313,7.399523854478531,6.674610530346506,6.854143820449127
26,56,1512,6.392962694168091,186.49315285682678,93.13237301689176,9313.237301689176,10688.692800473438,29.555099999999996,1345.900398784262,5205.507549549817,5179.023600126762,3041.6165079685898,985.17,2.6918007975685243,5.0451316817517124,8.284149432211862,6.3727142931167675,6.862283842409909
27,56,1568,5.500722885131836,192.76480102539062,82.13039140984364,8213.039140984365,10563.214508772324,11.5674,2338.607967787959,5216.00961205784,5098.523240845256,2486.816558692275,385.58,4.6772159355759175,5.164776013674494,8.563568719599898,6.553653506238358,7.702429380074236
28,56,1624,6.728759288787842,200.5301365852356,89.10792055407009,8910.792055407008,10662.529791061757,27.08107499999999,1724.656660654749,5215.231702839001,5149.704330701985,2975.937575207725,902.7025,3.449313321309498,5.106211494429126,7.632883158902282,6.475026420309187,7.3333215634290285
29,56,1680,6.010833501815796,207.36066198349,96.51438260785126,9651.438260785126,10890.926540430544,11.835299999999998,1227.6529796454186,5295.102241845435,5270.920251559656,3249.040470254538,394.51,2.455305959290837,5.0799704008284,7.277769690323037,6.434141407012198,7.025289311972036
30,56,1736,6.107882499694824,214.34307146072388,87.97125777468315,8797.125777468314,10550.819109861992,15.499049999999999,1738.194282393677,5141.212658909555,5101.435776969694,3081.7067398274144,516.635,3.476388564787354,5.225146094257734,7.438372087892841,6.590008008491425,7.115608368751336
31,56,1792,6.290831089019775,221.58180952072144,95.96830918114375,9596.830918114376,10891.851770881982,13.733774999999998,1281.2870777676053,5291.855200020319,5269.544311710659,3304.522591510046,457.7924999999999,2.5625741555352106,5.012816729342884,6.910532948990923,6.436543560112426,6.922157440642613
32,56,1848,6.930638313293457,229.44734454154968,89.46490929681741,8946.490929681742,10199.456757990549,13.879649999999998,1239.0861783088094,4951.2631692119485,4930.155760828855,3180.3782794974595,462.655,2.478172356617619,5.123830716805893,6.9298601337719905,6.508663056663258,6.851547057377345
33,56,1904,5.835573196411133,236.24412560462952,93.42118964290418,9342.118964290417,10688.903034963254,13.96905,1332.8150206728358,5191.355385840599,5169.556995737694,3279.906533849624,465.635,2.665630041345672,5.151269061107786,6.947012345575662,6.5534299756571475,6.863156240168822
34,56,1960,5.868402004241943,242.94450759887695,88.99214692828357,8899.214692828358,10712.918818824175,10.591574999999999,1803.1125509958188,5206.875606454989,5172.836023417199,3332.071889519876,353.05249999999995,3.6062251019916376,5.087277578495619,6.568368281523017,6.485405768624813,6.584471865053492
35,56,2016,5.716562271118164,249.45922684669495,83.10494617531445,8310.494617531445,10432.59734852834,16.525199999999998,2105.577530996894,5078.189247096978,5030.493743448593,3239.143579827688,550.84,4.2111550619937885,5.304047290860591,6.490104335199653,6.600352820128216,6.578368691282458
36,56,2072,6.350832223892212,257.0036289691925,84.97023485589312,8497.023485589314,10833.75592893262,17.942849999999993,2318.789593343307,5294.470963918398,5219.714291395509,3195.706736187136,598.0949999999999,4.637579186686614,5.12157147435737,6.979383520998001,6.553007733055831,6.532046383897837
37,56,2128,5.638733148574829,263.62526297569275,80.53004110393265,8053.0041103932635,9651.159060352147,16.153575,1582.0013749588838,4674.4852676163555,4651.245305188582,3254.2848754721044,538.4525,3.164002749917768,5.764937816580568,6.601052371920202,6.815044566041218,7.045881929938998
38,56,2184,6.003760099411011,270.5808982849121,95.04718767327196,9504.718767327196,11035.66216589834,13.525724999999998,1517.4176735711444,5367.535131060026,5343.311825650039,3248.1520918827455,450.85749999999996,3.034835347142289,5.213480144978762,7.329096169604194,6.6537787056150535,7.047835288108844
39,56,2240,6.700809478759766,278.4305214881897,84.56851362859241,8456.85136285924,10229.03251232957,12.396524999999999,1759.7846244703276,4979.971726709726,4933.507078591291,3155.537070285524,413.2175,3.5195692489406554,5.256677671456456,7.197824167743569,6.630547451342946,7.539595798751023
40,56,2296,6.455492258071899,286.1506657600403,91.55955578388124,9155.955578388122,10542.17228270146,19.866074999999995,1366.3506293133373,5138.77468100543,5105.866139229,2975.314624670311,662.2025,2.7327012586266743,5.14264677544575,8.091492157067036,6.572698698495843,7.267464876014396
41,56,2352,5.502456188201904,292.6009638309479,79.2672352577246,7926.723525772461,10333.645439184565,12.632024999999999,2394.289888412106,5054.558990025691,4964.729344392623,3143.57104766251,421.0675,4.7885797768242115,5.252835644968846,7.408275525028306,6.644473407351958,7.847822383981328
42,56,2408,5.565173149108887,299.13139748573303,74.9104958924677,7491.049589246771,10637.576340025818,27.728024999999995,3118.798725779048,5293.574781998601,5105.425150857091,2385.764071701267,924.2675,6.237597451558097,5.187159136064185,8.532012857882087,6.56007696887228,8.174744877071936
43,56,2464,5.258354425430298,305.36126255989075,66.88010837253594,6688.010837253594,10064.952014570837,23.92455,3353.0166273172445,5011.900318498599,4833.753504801034,2192.981912712051,797.485,6.706033254634489,5.263043992437775,10.666371353961814,6.601031226598009,8.247203825683407
44,56,2520,7.112305402755737,313.58941626548767,79.50891979342101,7950.891979342101,10630.365441225329,26.746049999999997,2652.7274118832274,5230.975614614481,5090.740756475745,3086.490701351017,891.535,5.305454823766455,5.157284768613592,7.078128555501684,6.524463823010025,7.913560882375563
45,56,2576,5.182311058044434,319.67910504341125,92.71458370784913,9271.458370784912,10829.93999208144,15.696749999999998,1542.7848712965272,5302.075302426532,5233.020301262984,2948.4438839192185,523.2249999999999,3.085569742593054,5.112502052950087,8.017686635990968,6.4043890314913705,7.602511802273982
46,56,2632,5.0889198780059814,325.6799085140228,84.71518272881934,8471.518272881935,10110.380642160784,19.604625,1619.2577442788495,4932.46203994083,4901.569827090194,2763.4877512975877,653.4875000000001,3.238515488557699,5.293151934352145,9.027836113940175,6.6525340202008945,7.186736896379957
47,56,2688,5.101419925689697,331.81461811065674,75.64384162026164,7564.384162026163,9695.804820140529,16.35375,2115.066908114365,4737.2954931908735,4676.174131950378,2823.3519499927615,545.125,4.230133816228729,5.856639631821491,8.766896012229386,6.833393460571863,7.53143659983131
48,56,2744,5.274256229400635,338.5479567050934,91.63613408087656,9163.613408087656,10757.399938813585,17.2467,1576.539830725932,5226.744018995672,5200.87010685654,3297.858129613759,574.89,3.1530796614518644,5.360369091582443,7.0706557286682346,6.7145133788717954,7.113461559199834
49,56,2800,5.1121556758880615,344.55702352523804,71.28447145529643,7128.447145529642,10766.714254374765,22.64235,3615.6247588451233,5365.587293688236,5190.01732835896,2111.096323275687,754.7450000000001,7.231249517690247,5.201217655066667,9.555160893200243,6.581732731419515,8.002104164101972
50,56,2856,4.695084810256958,350.24076771736145,90.31203689286181,9031.20368928618,10555.431545985357,29.07165,1495.1562066991778,5151.356235094022,5113.56152256976,2905.1378832157625,969.0550000000001,2.990312413398356,5.097112222427995,9.056908248874173,6.526952441707343,7.43047776477503
51,56,2912,4.962594032287598,356.31878638267517,81.03903923035341,8103.903923035339,10755.481058532136,28.22535,2623.3517854967968,5305.136639518805,5199.0868252171895,2512.575937961412,940.845,5.246703570993593,5.146978889305532,9.576380044464031,6.557047267924604,7.993821895032887
52,56,2968,4.886449337005615,362.15262389183044,87.00536823178703,8700.536823178703,11021.232459019662,29.973674999999993,2290.721960840958,5424.477870193936,5337.34303090219,2594.1155792353607,999.1225,4.581443921681917,5.198946596032351,8.95935213313201,6.476984360237812,7.281997316686344
53,56,3024,5.484627723693848,368.6499807834625,77.01953572861134,7701.953572861135,11010.53968231045,24.663600000000002,3283.9225094493163,5470.771320363983,5320.782704327015,2189.8565761945274,822.12,6.567845018898633,5.101181381176199,9.983886285863479,6.353628622913647,7.92121381148266
54,56,3080,5.188431262969971,375.1471588611603,91.5378518274957,9153.78518274957,10805.029421758896,24.192899999999998,1627.0513390093242,5283.411719036865,5230.009218076359,2916.0848464567084,806.4300000000001,3.254102678018648,5.235237556085317,8.549741823383245,6.576850333939575,7.679098475921821
55,56,3136,5.113224029541016,382.04197239875793,77.1129496730463,7711.29496730463,9313.535826509593,14.2887,1587.952159204962,4531.034655810464,4488.557828477984,2939.4334222114394,476.28999999999996,3.1759043184099243,6.078306341526514,7.395868495933807,6.796816681107488,7.63639142106967
56,56,3192,6.708922624588013,390.0483546257019,71.99349119859002,7199.349119859004,10322.244839494342,37.209525,3085.6861946353392,5098.347531315192,4974.892445782078,2490.0486239707357,1240.3175,6.1713723892706795,6.520244981078305,8.886843946503674,6.926859568756285,8.02958182791772
57,56,3248,7.45770525932312,398.9844949245453,79.36425384724902,7936.425384724901,10427.956948451225,28.30995,2463.221613726323,5136.422282097654,5037.066042491138,2544.6862386243147,943.6650000000001,4.926443227452646,5.5893194791958,8.902290155236651,6.779194283394243,7.902048232009643
58,56,3304,5.38809871673584,405.47524881362915,75.65084742501122,7565.084742501122,10057.766903261967,37.353375,2455.3287857608448,4914.365483745874,4835.33031707469,3080.711024414008,1245.1125,4.91065757152169,5.759785457063295,7.561669732830681,6.827018174344995,7.9347363029543185
59,56,3360,6.558940649032593,413.3828146457672,83.58474486871035,8358.474486871033,10343.19231899106,18.16905,1966.5487821200243,5045.397884350497,5008.123570599072,2896.708640414881,605.635,3.9330975642400485,6.236298324023036,8.435048381018031,6.883075836608701,7.543557445990876
60,56,3416,6.606526136398315,421.0118203163147,89.05556253362943,8905.556253362944,10576.483563198286,17.6412,1653.2861098353414,5144.306142910097,5117.6554972376525,3145.2192305053513,588.04,3.306572219670683,5.855029470264754,7.300950646270065,6.837028896515333,7.2649631503238945
61,56,3472,7.6987481117248535,429.93374729156494,85.40268047776533,8540.268047776533,10579.158112199542,25.913700000000002,2012.9763644230093,5149.906166050468,5109.150841786884,3201.0110436219143,863.79,4.025952728846018,5.872027044043961,7.2278908134006885,6.8767953315173065,7.499775160941449
62,56,3528,5.160900115966797,436.20613718032837,89.99855275158401,8999.855275158401,10906.555553216069,15.52515,1891.1751280576682,5308.752223873008,5279.87395317389,3179.293761691717,517.505,3.782350256115337,5.356099503234782,8.077772209587593,6.729566887028217,6.775391669690467
63,56,3584,4.858570098876953,442.51575756073,90.15438319354817,9015.438319354818,10698.634057129648,20.557425,1662.6383127748313,5214.0160641485345,5182.0910694902495,3025.26923490864,685.2475,3.3252766255496624,5.263124001784624,8.243545675562018,6.6367935173986705,7.0471544615472315
64,56,3640,5.307635545730591,448.9047122001648,79.6403108120085,7964.031081200848,9985.672476823876,14.081475,2007.5599206230277,4865.427955705778,4808.610470208899,3116.3405090920032,469.38249999999994,4.015119841246055,5.913540347594576,7.470477997527459,6.839927569739182,7.564147675810679
65,56,3696,5.003859281539917,455.0959541797638,83.72543384802303,8372.543384802302,10054.640862434688,17.26665,1664.8308276323846,4897.226717167836,4858.753721391311,2986.6042387554044,575.5550000000001,3.3296616552647698,5.70699200621948,8.152680967375998,6.807674712464471,7.315242407157958
66,56,3752,5.047735929489136,461.5463025569916,78.18261178000405,7818.261178000406,10337.894814607997,19.5105,2500.12313660759,5072.3640122614,4998.402996590512,2671.278057560839,650.35,5.000246273215179,6.273309070843129,8.952853500369224,6.887443126060203,7.846770297987959
67,56,3808,5.768898963928223,468.5460548400879,79.72421758285839,7972.42175828584,10567.506346372553,16.767975,2578.3166130867126,5218.128764759984,5101.806582972062,2475.709986405058,558.9325,5.156633226173426,5.327219309552987,8.913890607669435,6.688754336622468,7.842059986874956
68,56,3864,5.040473222732544,474.71494913101196,79.79237214456991,7979.237214456991,10442.957544835452,31.466550000000005,2432.253780378462,5137.276805064883,5048.776698899682,2569.0404087088837,1048.8850000000002,4.864507560756923,5.577021101509231,8.884583006071194,6.803526068949291,7.830298837374893
69,56,3920,4.8409154415130615,480.7921483516693,82.16088190756403,8216.088190756403,10650.774457379253,24.011475000000004,2410.6747916228483,5203.979922919309,5128.935758245852,3178.5877621409254,800.3825,4.821349583245697,5.492612942724489,7.405729205205571,6.779033349336759,7.914574691742173
70,56,3976,4.983024597167969,486.93710827827454,83.86647688705688,8386.647688705689,10405.798931405152,21.870449999999998,1997.2807926994637,5064.935009879285,5024.765707611234,3160.9821391463247,729.015,3.994561585398927,6.219739438251837,7.296024808062045,6.90511210055128,7.614594394143593
71,56,4032,4.906870365142822,493.38382720947266,84.13438890438181,8413.438890438181,10537.69902620931,28.451475000000002,2095.808660771128,5152.763277704671,5095.506581937505,2894.2916656713314,948.3824999999999,4.191617321542255,5.862958408733673,7.849148444966333,6.870225287513757,7.6343435883234605
72,56,4088,5.225403308868408,499.7721178531647,88.41397402021846,8841.397402021847,10595.931219087162,15.491925000000002,1739.0418920653156,5158.895451214795,5115.917018137114,3211.187497352533,516.3975,3.478083784130631,5.420739763142874,7.261233793479939,6.76177836528272,7.495313031771817
73,56,4144,4.837205171585083,505.78922390937805,83.51101802575543,8351.101802575544,10201.035380517986,12.298575,1837.6350029424425,4964.104851109922,4933.119955051915,3038.105743561502,409.9525,3.6752700058848857,6.379834325467151,7.924507584875892,6.90734911907675,7.3669774348308765
74,56,4200,6.6153154373168945,513.8145022392273,79.35210561205628,7935.2105612056275,10249.550273636278,18.14745,2296.1922624306508,5017.5980278849975,4945.670338834714,2862.819069165665,604.915,4.592384524861302,5.832527815330469,8.152588624351255,6.843655305783457,7.898791565764698
75,56,4256,4.947922706604004,520.0749025344849,86.37883268753204,8637.883268753205,10463.119948967198,7.197524999999999,1818.0391552139945,5090.660482606507,5057.180794891263,3152.786714694285,239.9175,3.636078310427989,6.330928037074726,7.660148752936774,6.912096270405195,7.2908358490840115
76,56,4312,5.913550138473511,527.301274061203,81.87940934165951,8187.94093416595,10379.987695997117,15.067875,2176.978886831167,5072.607758444885,5009.345745783405,2980.3419176882785,502.26250000000005,4.353957773662334,6.133989530830544,8.072110459617646,6.889757320289647,7.761710159411087
77,56,4368,5.01330304145813,533.8646368980408,87.50337811104305,8750.337811104306,10799.09221109739,37.865925000000004,2010.8884749930846,5256.75275163156,5214.6215928244,3277.1786664142796,1262.1975000000002,4.02177694998617,5.501307518166284,6.779008042100046,6.787274474944837,7.51622738726944
78,56,4424,6.480607748031616,541.9033172130585,82.07781354708698,8207.781354708695,10407.136286283785,20.50065,2178.854281575087,5063.788811573434,5015.332464065421,3280.1501064492923,683.355,4.357708563150174,5.919068009859309,6.954320269131916,6.873724745361057,7.613651737166082
79,56,4480,6.310710191726685,549.7092070579529,82.20564746522055,8220.564746522055,10339.007098036194,11.53815,2106.9042015141385,5042.614650529405,4992.997268440577,3033.9517906621204,384.605,4.213808403028278,6.488276993892763,7.801168565766716,6.908666471789206,7.740480478112817
80,56,4536,5.182868480682373,556.366215467453,81.86524308481063,8186.524308481062,10431.978527423511,13.082099999999999,2232.3721189424487,5105.26700221035,5052.847539110757,2738.63986102404,436.07,4.464744237884897,6.0956515332518215,8.63702336513352,6.897443481617089,7.461025999391535
81,56,4592,5.493288278579712,563.1081366539001,76.98736442776283,7698.736442776282,10302.824661218518,15.594524999999999,2588.493693442235,5067.648130720574,4968.233644516531,2669.4288598141247,519.8175,5.17698738688447,6.076555580810076,8.34177258385839,6.890609962802762,7.797590064939491
82,56,4648,5.300288438796997,570.1332564353943,71.63830362032868,7163.83036203287,10218.809915049067,16.8546,3038.1249530161986,5049.088804427895,4917.979172354706,2517.4193826646633,561.8199999999999,6.076249906032398,6.5156558362310975,8.612711691878568,6.918131939500593,7.97142773101715
83,56,4704,5.040083885192871,576.64803647995,85.43772071088199,8543.7720710882,10646.792123526906,17.999100000000002,2085.0209524387074,5208.633943886809,5148.864151307305,2892.940283327917,599.97,4.170041904877415,5.762130634293775,8.171509855034829,6.843217585612256,7.636969832720416
84,56,4760,7.12576150894165,585.1419382095337,79.53783986764071,7953.783986764072,10162.008052076015,17.79795,2190.4261153119432,4966.85535727243,4908.621149951967,2865.315448516187,593.265,4.380852230623886,6.389803330267538,8.379947149298328,6.907335534336403,7.7521605682545305
85,56,4816,7.161376476287842,593.7661826610565,83.82812481180468,8382.812481180468,10339.27497645901,7.831275000000001,1948.6312202785418,5040.884965737832,4990.085317756256,3083.0469296492174,261.0425,3.8972624405570837,6.561624866189454,7.773203796775923,6.92588214901514,7.749934651018691
86,56,4872,6.073018550872803,601.8400228023529,69.52067808015829,6952.067808015829,10171.968792872358,28.109550000000002,3191.79143485653,5031.618885606193,4909.589453151889,2307.6045411427654,936.985,6.383582869713059,5.840425438762684,9.632256238238368,6.850099006276413,8.087714318729487
87,56,4928,5.046069622039795,608.5087671279907,70.83285305259935,7083.285305259935,10400.959886498673,25.3995,3292.2750812387376,5118.930294817836,5037.795894612436,2442.336970683999,846.6500000000001,6.584550162477476,5.581299338126499,10.311223013100856,6.826197580763676,7.675233873976954
88,56,4984,4.886069297790527,614.8494691848755,69.47933962685688,6947.933962685688,10325.380221879806,11.481675000000001,3365.9645841941197,5113.434134696501,4959.663892714628,2522.8219446867806,382.7225,6.731929168388239,6.333322292513443,8.581603567997487,6.9016667982299,8.240117844817295
89,56,5040,4.84074068069458,621.1139736175537,66.8508980698584,6685.0898069858395,10342.363775428868,31.929750000000002,3625.344218443028,5129.924085904896,4970.890131719592,2415.4955780437954,1064.325,7.250688436886055,5.555430515048678,9.321833405440307,6.772427883747949,8.266818248367697
90,56,5096,4.737604141235352,627.3790757656097,57.584876525191724,5758.487652519172,10375.076129548499,28.9596,4587.628877029329,5182.9515592264215,4978.399541798395,2137.2502852368475,965.3199999999999,9.175257754058656,5.7639665074609745,11.818737504941828,6.831645838466106,8.418348642622194
91,56,5152,4.914808988571167,633.7351443767548,72.22478459160705,7222.478459160705,10171.064859416747,35.99745,2912.588950256043,4999.088686523584,4910.872453169601,2611.037197235635,1199.915,5.825177900512087,5.91414395415856,10.470848031811157,6.8502434115175435,7.865436042086599
92,56,5208,4.924298524856567,640.4020125865936,81.86314954556634,8186.314954556634,10301.024692180734,19.298925000000004,2095.4108126241003,5029.133093400673,4977.0144516258115,2948.7714715425172,643.2975,4.190821625248201,6.223478487252871,8.22906985250565,6.903426794792212,7.64448943994847
93,56,5264,4.8640453815460205,646.7446525096893,75.74819360051025,7574.819360051026,10250.582587350596,20.988300000000002,2654.774927299571,5044.108201145549,4949.179691000147,2572.9469520489956,699.61,5.309549854599142,5.9539346459541385,9.641684307202137,6.862708111277336,7.8382322822457
94,56,5320,5.287309169769287,653.7420415878296,85.35343428401649,8535.343428401651,10589.573325552146,17.689875,2036.540022150496,5172.515886769432,5125.786872279157,2912.7056650355694,589.6625,4.073080044300992,6.22897113538762,8.029633559579661,6.8955406089668605,7.371491470560371
95,56,5376,4.8153886795043945,659.9888303279877,78.71286893540474,7871.286893540475,10330.778251697015,25.4217,2434.0696581565417,5058.906551015714,5008.812893735887,2630.588069454146,847.39,4.8681393163130835,5.628574943654433,9.221866822362836,6.809179453504369,7.166826772742771
96,56,5432,4.7948157787323,666.6269295215607,86.22319457661234,8622.319457661235,10574.459884920303,11.466674999999999,1940.6737522590681,5140.774540004388,5108.8863437389255,3247.990011769898,382.2225,3.881347504518136,6.556319004593146,7.131049395432363,6.937159987114869,7.298162072320658
97,56,5488,5.208014965057373,673.3330299854279,84.25240369531627,8425.240369531628,10488.438625374572,12.972450000000002,2050.2258058429447,5097.817709175059,5055.733747643814,3348.871685557009,432.41499999999996,4.100451611685889,6.532018497328217,6.984390992936616,6.925866255378062,7.372630312288787
98,56,5544,4.7326037883758545,679.8929960727692,82.32413099343864,8232.413099343863,10466.912859508173,15.935775,2218.563985164308,5112.79087738245,5063.355825737283,2907.661563884386,531.1925,4.437127970328616,6.54755526505806,8.014090353754623,6.9305279959940105,7.326444263212612
99,56,5600,5.902089834213257,687.6958632469177,81.88981271350987,8188.981271350987,10436.628537407894,20.040975000000003,2227.606291056907,5102.782237358742,5043.354774320388,2904.9152572876424,668.0325,4.455212582113815,6.494781824484728,7.860419941657273,6.921673050449249,7.496395027329639
