parameter_group,parameter,unit,temperature_C,value,evidence_class,reference_code,calculation_method,note
disintegration_hydrolysis,k_dis,d^-1,10,0.06,literature_multiplier,L18; BASE35,L18 10 C multiplier x 35 C baseline,
disintegration_hydrolysis,k_dis,d^-1,15,0.07,literature_multiplier,L18; BASE35,L18 15 C multiplier x 35 C baseline,
disintegration_hydrolysis,k_dis,d^-1,20,0.145,literature_multiplier,L18; BASE35,L18 20 C multiplier x 35 C baseline,
disintegration_hydrolysis,k_dis,d^-1,25,0.24,literature_multiplier,B15; BASE35,B15 25 C multiplier x 35 C baseline,
disintegration_hydrolysis,k_dis,d^-1,30,0.37,literature_multiplier,B15; BASE35,B15 30 C multiplier x 35 C baseline,
disintegration_hydrolysis,k_dis,d^-1,35,0.5,baseline_value,BASE35,35 C model baseline,
disintegration_hydrolysis,k_dis,d^-1,40,0.595,geometric_interpolation,IWA02; BASE35; MODEL,"k(T)=k35*(k55/k35)^((T-35)/20), rounded to the listed precision",Transition-region interpolation; it does not explicitly model microbial acclimation.
disintegration_hydrolysis,k_dis,d^-1,45,0.707,geometric_interpolation,IWA02; BASE35; MODEL,"k(T)=k35*(k55/k35)^((T-35)/20), rounded to the listed precision",Transition-region interpolation; it does not explicitly model microbial acclimation.
disintegration_hydrolysis,k_dis,d^-1,50,0.841,geometric_interpolation,IWA02; BASE35; MODEL,"k(T)=k35*(k55/k35)^((T-35)/20), rounded to the listed precision",Transition-region interpolation; it does not explicitly model microbial acclimation.
disintegration_hydrolysis,k_dis,d^-1,55,1,literature_parameter_anchor,IWA02,55 C thermophilic anchor,Assumes a thermophilic microbial community acclimated to the operating temperature.
disintegration_hydrolysis,k_dis,d^-1,60,1,held_constant_assumption,IWA02; MODEL,55 C thermophilic value held through 60 C,A conservative plateau assumption; not a directly fitted 60 C ADM1 parameter.
disintegration_hydrolysis,k_dis,d^-1,65,0.8,stress_scenario_prior,A01; K22; MODEL,reaction-specific multiplier applied to the 55/60 C value,65 C multiplier = 0.80 relative to 55/60 C.
disintegration_hydrolysis,k_hyd_ch,d^-1,10,1.2,literature_multiplier,L18; BASE35,L18 10 C multiplier x 35 C baseline,
disintegration_hydrolysis,k_hyd_ch,d^-1,15,1.4,literature_multiplier,L18; BASE35,L18 15 C multiplier x 35 C baseline,
disintegration_hydrolysis,k_hyd_ch,d^-1,20,2.9,literature_multiplier,L18; BASE35,L18 20 C multiplier x 35 C baseline,
disintegration_hydrolysis,k_hyd_ch,d^-1,25,4.8,literature_multiplier,B15; BASE35,B15 25 C multiplier x 35 C baseline,
disintegration_hydrolysis,k_hyd_ch,d^-1,30,7.4,literature_multiplier,B15; BASE35,B15 30 C multiplier x 35 C baseline,
disintegration_hydrolysis,k_hyd_ch,d^-1,35,10,baseline_value,BASE35,35 C model baseline,
disintegration_hydrolysis,k_hyd_ch,d^-1,40,10,geometric_interpolation,IWA02; BASE35; MODEL,"k(T)=k35*(k55/k35)^((T-35)/20), rounded to the listed precision",Transition-region interpolation; it does not explicitly model microbial acclimation.
disintegration_hydrolysis,k_hyd_ch,d^-1,45,10,geometric_interpolation,IWA02; BASE35; MODEL,"k(T)=k35*(k55/k35)^((T-35)/20), rounded to the listed precision",Transition-region interpolation; it does not explicitly model microbial acclimation.
disintegration_hydrolysis,k_hyd_ch,d^-1,50,10,geometric_interpolation,IWA02; BASE35; MODEL,"k(T)=k35*(k55/k35)^((T-35)/20), rounded to the listed precision",Transition-region interpolation; it does not explicitly model microbial acclimation.
disintegration_hydrolysis,k_hyd_ch,d^-1,55,10,literature_parameter_anchor,IWA02,55 C thermophilic anchor,Assumes a thermophilic microbial community acclimated to the operating temperature.
disintegration_hydrolysis,k_hyd_ch,d^-1,60,10,held_constant_assumption,IWA02; MODEL,55 C thermophilic value held through 60 C,A conservative plateau assumption; not a directly fitted 60 C ADM1 parameter.
disintegration_hydrolysis,k_hyd_ch,d^-1,65,8,stress_scenario_prior,A01; K22; MODEL,reaction-specific multiplier applied to the 55/60 C value,65 C multiplier = 0.80 relative to 55/60 C.
disintegration_hydrolysis,k_hyd_pr,d^-1,10,1.2,literature_multiplier,L18; BASE35,L18 10 C multiplier x 35 C baseline,The carbohydrate-hydrolysis temperature multiplier is used as a proxy.
disintegration_hydrolysis,k_hyd_pr,d^-1,15,1.4,literature_multiplier,L18; BASE35,L18 15 C multiplier x 35 C baseline,The carbohydrate-hydrolysis temperature multiplier is used as a proxy.
disintegration_hydrolysis,k_hyd_pr,d^-1,20,2.9,literature_multiplier,L18; BASE35,L18 20 C multiplier x 35 C baseline,The carbohydrate-hydrolysis temperature multiplier is used as a proxy.
disintegration_hydrolysis,k_hyd_pr,d^-1,25,4.8,literature_multiplier,B15; BASE35,B15 25 C multiplier x 35 C baseline,The carbohydrate-hydrolysis temperature multiplier is used as a proxy.
disintegration_hydrolysis,k_hyd_pr,d^-1,30,7.4,literature_multiplier,B15; BASE35,B15 30 C multiplier x 35 C baseline,The carbohydrate-hydrolysis temperature multiplier is used as a proxy.
disintegration_hydrolysis,k_hyd_pr,d^-1,35,10,baseline_value,BASE35,35 C model baseline,
disintegration_hydrolysis,k_hyd_pr,d^-1,40,10,geometric_interpolation,IWA02; BASE35; MODEL,"k(T)=k35*(k55/k35)^((T-35)/20), rounded to the listed precision",Transition-region interpolation; it does not explicitly model microbial acclimation.
disintegration_hydrolysis,k_hyd_pr,d^-1,45,10,geometric_interpolation,IWA02; BASE35; MODEL,"k(T)=k35*(k55/k35)^((T-35)/20), rounded to the listed precision",Transition-region interpolation; it does not explicitly model microbial acclimation.
disintegration_hydrolysis,k_hyd_pr,d^-1,50,10,geometric_interpolation,IWA02; BASE35; MODEL,"k(T)=k35*(k55/k35)^((T-35)/20), rounded to the listed precision",Transition-region interpolation; it does not explicitly model microbial acclimation.
disintegration_hydrolysis,k_hyd_pr,d^-1,55,10,literature_parameter_anchor,IWA02,55 C thermophilic anchor,Assumes a thermophilic microbial community acclimated to the operating temperature.
disintegration_hydrolysis,k_hyd_pr,d^-1,60,10,held_constant_assumption,IWA02; MODEL,55 C thermophilic value held through 60 C,A conservative plateau assumption; not a directly fitted 60 C ADM1 parameter.
disintegration_hydrolysis,k_hyd_pr,d^-1,65,8,stress_scenario_prior,A01; K22; MODEL,reaction-specific multiplier applied to the 55/60 C value,65 C multiplier = 0.80 relative to 55/60 C.
disintegration_hydrolysis,k_hyd_li,d^-1,10,1.2,literature_multiplier,L18; BASE35,L18 10 C multiplier x 35 C baseline,The carbohydrate-hydrolysis temperature multiplier is used as a proxy.
disintegration_hydrolysis,k_hyd_li,d^-1,15,1.4,literature_multiplier,L18; BASE35,L18 15 C multiplier x 35 C baseline,The carbohydrate-hydrolysis temperature multiplier is used as a proxy.
disintegration_hydrolysis,k_hyd_li,d^-1,20,2.9,literature_multiplier,L18; BASE35,L18 20 C multiplier x 35 C baseline,The carbohydrate-hydrolysis temperature multiplier is used as a proxy.
disintegration_hydrolysis,k_hyd_li,d^-1,25,4.8,literature_multiplier,B15; BASE35,B15 25 C multiplier x 35 C baseline,The carbohydrate-hydrolysis temperature multiplier is used as a proxy.
disintegration_hydrolysis,k_hyd_li,d^-1,30,7.4,literature_multiplier,B15; BASE35,B15 30 C multiplier x 35 C baseline,The carbohydrate-hydrolysis temperature multiplier is used as a proxy.
disintegration_hydrolysis,k_hyd_li,d^-1,35,10,baseline_value,BASE35,35 C model baseline,
disintegration_hydrolysis,k_hyd_li,d^-1,40,10,geometric_interpolation,IWA02; BASE35; MODEL,"k(T)=k35*(k55/k35)^((T-35)/20), rounded to the listed precision",Transition-region interpolation; it does not explicitly model microbial acclimation.
disintegration_hydrolysis,k_hyd_li,d^-1,45,10,geometric_interpolation,IWA02; BASE35; MODEL,"k(T)=k35*(k55/k35)^((T-35)/20), rounded to the listed precision",Transition-region interpolation; it does not explicitly model microbial acclimation.
disintegration_hydrolysis,k_hyd_li,d^-1,50,10,geometric_interpolation,IWA02; BASE35; MODEL,"k(T)=k35*(k55/k35)^((T-35)/20), rounded to the listed precision",Transition-region interpolation; it does not explicitly model microbial acclimation.
disintegration_hydrolysis,k_hyd_li,d^-1,55,10,literature_parameter_anchor,IWA02,55 C thermophilic anchor,Assumes a thermophilic microbial community acclimated to the operating temperature.
disintegration_hydrolysis,k_hyd_li,d^-1,60,10,held_constant_assumption,IWA02; MODEL,55 C thermophilic value held through 60 C,A conservative plateau assumption; not a directly fitted 60 C ADM1 parameter.
disintegration_hydrolysis,k_hyd_li,d^-1,65,8,stress_scenario_prior,A01; K22; MODEL,reaction-specific multiplier applied to the 55/60 C value,65 C multiplier = 0.80 relative to 55/60 C.
uptake_kinetics,k_m_su,kgCOD_S kgCOD_X^-1 d^-1,10,4.8,literature_multiplier,L18; BASE35,L18 10 C multiplier x 35 C baseline,
uptake_kinetics,k_m_su,kgCOD_S kgCOD_X^-1 d^-1,15,4.8,literature_multiplier,L18; BASE35,L18 15 C multiplier x 35 C baseline,
uptake_kinetics,k_m_su,kgCOD_S kgCOD_X^-1 d^-1,20,5.7,literature_multiplier,L18; BASE35,L18 20 C multiplier x 35 C baseline,
uptake_kinetics,k_m_su,kgCOD_S kgCOD_X^-1 d^-1,25,6.3,literature_multiplier,B15; BASE35,B15 25 C multiplier x 35 C baseline,
uptake_kinetics,k_m_su,kgCOD_S kgCOD_X^-1 d^-1,30,6.6,literature_multiplier,B15; BASE35,B15 30 C multiplier x 35 C baseline,
uptake_kinetics,k_m_su,kgCOD_S kgCOD_X^-1 d^-1,35,30,baseline_value,BASE35,35 C model baseline,
uptake_kinetics,k_m_su,kgCOD_S kgCOD_X^-1 d^-1,40,37.078,geometric_interpolation,IWA02; BASE35; MODEL,"k(T)=k35*(k55/k35)^((T-35)/20), rounded to the listed precision",Transition-region interpolation; it does not explicitly model microbial acclimation.
uptake_kinetics,k_m_su,kgCOD_S kgCOD_X^-1 d^-1,45,45.826,geometric_interpolation,IWA02; BASE35; MODEL,"k(T)=k35*(k55/k35)^((T-35)/20), rounded to the listed precision",Transition-region interpolation; it does not explicitly model microbial acclimation.
uptake_kinetics,k_m_su,kgCOD_S kgCOD_X^-1 d^-1,50,56.638,geometric_interpolation,IWA02; BASE35; MODEL,"k(T)=k35*(k55/k35)^((T-35)/20), rounded to the listed precision",Transition-region interpolation; it does not explicitly model microbial acclimation.
uptake_kinetics,k_m_su,kgCOD_S kgCOD_X^-1 d^-1,55,70,literature_parameter_anchor,IWA02,55 C thermophilic anchor,Assumes a thermophilic microbial community acclimated to the operating temperature.
uptake_kinetics,k_m_su,kgCOD_S kgCOD_X^-1 d^-1,60,70,held_constant_assumption,IWA02; MODEL,55 C thermophilic value held through 60 C,A conservative plateau assumption; not a directly fitted 60 C ADM1 parameter.
uptake_kinetics,k_m_su,kgCOD_S kgCOD_X^-1 d^-1,65,52.5,stress_scenario_prior,A01; K22; MODEL,reaction-specific multiplier applied to the 55/60 C value,65 C multiplier = 0.75 relative to 55/60 C.
uptake_kinetics,k_m_aa,kgCOD_S kgCOD_X^-1 d^-1,10,8,literature_multiplier,L18; BASE35,L18 10 C multiplier x 35 C baseline,The sugar-uptake temperature multiplier is used as a proxy.
uptake_kinetics,k_m_aa,kgCOD_S kgCOD_X^-1 d^-1,15,8,literature_multiplier,L18; BASE35,L18 15 C multiplier x 35 C baseline,The sugar-uptake temperature multiplier is used as a proxy.
uptake_kinetics,k_m_aa,kgCOD_S kgCOD_X^-1 d^-1,20,9.5,literature_multiplier,L18; BASE35,L18 20 C multiplier x 35 C baseline,The sugar-uptake temperature multiplier is used as a proxy.
uptake_kinetics,k_m_aa,kgCOD_S kgCOD_X^-1 d^-1,25,10.5,literature_multiplier,B15; BASE35,B15 25 C multiplier x 35 C baseline,The sugar-uptake temperature multiplier is used as a proxy.
uptake_kinetics,k_m_aa,kgCOD_S kgCOD_X^-1 d^-1,30,11,literature_multiplier,B15; BASE35,B15 30 C multiplier x 35 C baseline,The sugar-uptake temperature multiplier is used as a proxy.
uptake_kinetics,k_m_aa,kgCOD_S kgCOD_X^-1 d^-1,35,50,baseline_value,BASE35,35 C model baseline,
uptake_kinetics,k_m_aa,kgCOD_S kgCOD_X^-1 d^-1,40,54.388,geometric_interpolation,IWA02; BASE35; MODEL,"k(T)=k35*(k55/k35)^((T-35)/20), rounded to the listed precision",Transition-region interpolation; it does not explicitly model microbial acclimation.
uptake_kinetics,k_m_aa,kgCOD_S kgCOD_X^-1 d^-1,45,59.161,geometric_interpolation,IWA02; BASE35; MODEL,"k(T)=k35*(k55/k35)^((T-35)/20), rounded to the listed precision",Transition-region interpolation; it does not explicitly model microbial acclimation.
uptake_kinetics,k_m_aa,kgCOD_S kgCOD_X^-1 d^-1,50,64.353,geometric_interpolation,IWA02; BASE35; MODEL,"k(T)=k35*(k55/k35)^((T-35)/20), rounded to the listed precision",Transition-region interpolation; it does not explicitly model microbial acclimation.
uptake_kinetics,k_m_aa,kgCOD_S kgCOD_X^-1 d^-1,55,70,literature_parameter_anchor,IWA02,55 C thermophilic anchor,Assumes a thermophilic microbial community acclimated to the operating temperature.
uptake_kinetics,k_m_aa,kgCOD_S kgCOD_X^-1 d^-1,60,70,held_constant_assumption,IWA02; MODEL,55 C thermophilic value held through 60 C,A conservative plateau assumption; not a directly fitted 60 C ADM1 parameter.
uptake_kinetics,k_m_aa,kgCOD_S kgCOD_X^-1 d^-1,65,52.5,stress_scenario_prior,A01; K22; MODEL,reaction-specific multiplier applied to the 55/60 C value,65 C multiplier = 0.75 relative to 55/60 C.
uptake_kinetics,k_m_fa,kgCOD_S kgCOD_X^-1 d^-1,10,0.96,literature_multiplier,L18; BASE35,L18 10 C multiplier x 35 C baseline,The sugar-uptake temperature multiplier is used as a proxy.
uptake_kinetics,k_m_fa,kgCOD_S kgCOD_X^-1 d^-1,15,0.96,literature_multiplier,L18; BASE35,L18 15 C multiplier x 35 C baseline,The sugar-uptake temperature multiplier is used as a proxy.
uptake_kinetics,k_m_fa,kgCOD_S kgCOD_X^-1 d^-1,20,1.14,literature_multiplier,L18; BASE35,L18 20 C multiplier x 35 C baseline,The sugar-uptake temperature multiplier is used as a proxy.
uptake_kinetics,k_m_fa,kgCOD_S kgCOD_X^-1 d^-1,25,1.26,literature_multiplier,B15; BASE35,B15 25 C multiplier x 35 C baseline,The sugar-uptake temperature multiplier is used as a proxy.
uptake_kinetics,k_m_fa,kgCOD_S kgCOD_X^-1 d^-1,30,1.32,literature_multiplier,B15; BASE35,B15 30 C multiplier x 35 C baseline,The sugar-uptake temperature multiplier is used as a proxy.
uptake_kinetics,k_m_fa,kgCOD_S kgCOD_X^-1 d^-1,35,6,baseline_value,BASE35,35 C model baseline,
uptake_kinetics,k_m_fa,kgCOD_S kgCOD_X^-1 d^-1,40,6.817,geometric_interpolation,IWA02; BASE35; MODEL,"k(T)=k35*(k55/k35)^((T-35)/20), rounded to the listed precision",Transition-region interpolation; it does not explicitly model microbial acclimation.
uptake_kinetics,k_m_fa,kgCOD_S kgCOD_X^-1 d^-1,45,7.746,geometric_interpolation,IWA02; BASE35; MODEL,"k(T)=k35*(k55/k35)^((T-35)/20), rounded to the listed precision",Transition-region interpolation; it does not explicitly model microbial acclimation.
uptake_kinetics,k_m_fa,kgCOD_S kgCOD_X^-1 d^-1,50,8.801,geometric_interpolation,IWA02; BASE35; MODEL,"k(T)=k35*(k55/k35)^((T-35)/20), rounded to the listed precision",Transition-region interpolation; it does not explicitly model microbial acclimation.
uptake_kinetics,k_m_fa,kgCOD_S kgCOD_X^-1 d^-1,55,10,literature_parameter_anchor,IWA02,55 C thermophilic anchor,Assumes a thermophilic microbial community acclimated to the operating temperature.
uptake_kinetics,k_m_fa,kgCOD_S kgCOD_X^-1 d^-1,60,10,held_constant_assumption,IWA02; MODEL,55 C thermophilic value held through 60 C,A conservative plateau assumption; not a directly fitted 60 C ADM1 parameter.
uptake_kinetics,k_m_fa,kgCOD_S kgCOD_X^-1 d^-1,65,7.5,stress_scenario_prior,A01; K22; MODEL,reaction-specific multiplier applied to the 55/60 C value,65 C multiplier = 0.75 relative to 55/60 C.
uptake_kinetics,k_m_c4,kgCOD_S kgCOD_X^-1 d^-1,10,4,literature_multiplier,L18; BASE35,L18 10 C multiplier x 35 C baseline,
uptake_kinetics,k_m_c4,kgCOD_S kgCOD_X^-1 d^-1,15,7.2,literature_multiplier,L18; BASE35,L18 15 C multiplier x 35 C baseline,
uptake_kinetics,k_m_c4,kgCOD_S kgCOD_X^-1 d^-1,20,10,literature_multiplier,L18; BASE35,L18 20 C multiplier x 35 C baseline,
uptake_kinetics,k_m_c4,kgCOD_S kgCOD_X^-1 d^-1,25,13.4,literature_multiplier,B15; BASE35,B15 25 C multiplier x 35 C baseline,
uptake_kinetics,k_m_c4,kgCOD_S kgCOD_X^-1 d^-1,30,17.2,literature_multiplier,B15; BASE35,B15 30 C multiplier x 35 C baseline,
uptake_kinetics,k_m_c4,kgCOD_S kgCOD_X^-1 d^-1,35,20,baseline_value,BASE35,35 C model baseline,
uptake_kinetics,k_m_c4,kgCOD_S kgCOD_X^-1 d^-1,40,22.134,geometric_interpolation,IWA02; BASE35; MODEL,"k(T)=k35*(k55/k35)^((T-35)/20), rounded to the listed precision",Transition-region interpolation; it does not explicitly model microbial acclimation.
uptake_kinetics,k_m_c4,kgCOD_S kgCOD_X^-1 d^-1,45,24.495,geometric_interpolation,IWA02; BASE35; MODEL,"k(T)=k35*(k55/k35)^((T-35)/20), rounded to the listed precision",Transition-region interpolation; it does not explicitly model microbial acclimation.
uptake_kinetics,k_m_c4,kgCOD_S kgCOD_X^-1 d^-1,50,27.108,geometric_interpolation,IWA02; BASE35; MODEL,"k(T)=k35*(k55/k35)^((T-35)/20), rounded to the listed precision",Transition-region interpolation; it does not explicitly model microbial acclimation.
uptake_kinetics,k_m_c4,kgCOD_S kgCOD_X^-1 d^-1,55,30,literature_parameter_anchor,IWA02,55 C thermophilic anchor,Assumes a thermophilic microbial community acclimated to the operating temperature.
uptake_kinetics,k_m_c4,kgCOD_S kgCOD_X^-1 d^-1,60,30,held_constant_assumption,IWA02; MODEL,55 C thermophilic value held through 60 C,A conservative plateau assumption; not a directly fitted 60 C ADM1 parameter.
uptake_kinetics,k_m_c4,kgCOD_S kgCOD_X^-1 d^-1,65,22.5,stress_scenario_prior,A01; K22; MODEL,reaction-specific multiplier applied to the 55/60 C value,65 C multiplier = 0.75 relative to 55/60 C.
uptake_kinetics,k_m_pro,kgCOD_S kgCOD_X^-1 d^-1,10,1.69,literature_multiplier,L18; BASE35,L18 10 C multiplier x 35 C baseline,
uptake_kinetics,k_m_pro,kgCOD_S kgCOD_X^-1 d^-1,15,3.77,literature_multiplier,L18; BASE35,L18 15 C multiplier x 35 C baseline,
uptake_kinetics,k_m_pro,kgCOD_S kgCOD_X^-1 d^-1,20,6.24,literature_multiplier,L18; BASE35,L18 20 C multiplier x 35 C baseline,
uptake_kinetics,k_m_pro,kgCOD_S kgCOD_X^-1 d^-1,25,9.1,literature_multiplier,B15; BASE35,B15 25 C multiplier x 35 C baseline,
uptake_kinetics,k_m_pro,kgCOD_S kgCOD_X^-1 d^-1,30,11.7,literature_multiplier,B15; BASE35,B15 30 C multiplier x 35 C baseline,
uptake_kinetics,k_m_pro,kgCOD_S kgCOD_X^-1 d^-1,35,13,baseline_value,BASE35,35 C model baseline,
uptake_kinetics,k_m_pro,kgCOD_S kgCOD_X^-1 d^-1,40,14.478,geometric_interpolation,IWA02; BASE35; MODEL,"k(T)=k35*(k55/k35)^((T-35)/20), rounded to the listed precision",Transition-region interpolation; it does not explicitly model microbial acclimation.
uptake_kinetics,k_m_pro,kgCOD_S kgCOD_X^-1 d^-1,45,16.125,geometric_interpolation,IWA02; BASE35; MODEL,"k(T)=k35*(k55/k35)^((T-35)/20), rounded to the listed precision",Transition-region interpolation; it does not explicitly model microbial acclimation.
uptake_kinetics,k_m_pro,kgCOD_S kgCOD_X^-1 d^-1,50,17.958,geometric_interpolation,IWA02; BASE35; MODEL,"k(T)=k35*(k55/k35)^((T-35)/20), rounded to the listed precision",Transition-region interpolation; it does not explicitly model microbial acclimation.
uptake_kinetics,k_m_pro,kgCOD_S kgCOD_X^-1 d^-1,55,20,literature_parameter_anchor,IWA02,55 C thermophilic anchor,Assumes a thermophilic microbial community acclimated to the operating temperature.
uptake_kinetics,k_m_pro,kgCOD_S kgCOD_X^-1 d^-1,60,20,held_constant_assumption,IWA02; MODEL,55 C thermophilic value held through 60 C,A conservative plateau assumption; not a directly fitted 60 C ADM1 parameter.
uptake_kinetics,k_m_pro,kgCOD_S kgCOD_X^-1 d^-1,65,2,stress_scenario_prior,A01; K22; MODEL,reaction-specific multiplier applied to the 55/60 C value,65 C multiplier = 0.10; Ahring et al. reported nearly absent propionate activity.
uptake_kinetics,k_m_ac,kgCOD_S kgCOD_X^-1 d^-1,10,1.12,literature_multiplier,L18; BASE35,L18 10 C multiplier x 35 C baseline,
uptake_kinetics,k_m_ac,kgCOD_S kgCOD_X^-1 d^-1,15,1.6,literature_multiplier,L18; BASE35,L18 15 C multiplier x 35 C baseline,
uptake_kinetics,k_m_ac,kgCOD_S kgCOD_X^-1 d^-1,20,2.32,literature_multiplier,L18; BASE35,L18 20 C multiplier x 35 C baseline,
uptake_kinetics,k_m_ac,kgCOD_S kgCOD_X^-1 d^-1,25,3.84,literature_multiplier,B15; BASE35,B15 25 C multiplier x 35 C baseline,
uptake_kinetics,k_m_ac,kgCOD_S kgCOD_X^-1 d^-1,30,5.6,literature_multiplier,B15; BASE35,B15 30 C multiplier x 35 C baseline,
uptake_kinetics,k_m_ac,kgCOD_S kgCOD_X^-1 d^-1,35,8,baseline_value,BASE35,35 C model baseline,
uptake_kinetics,k_m_ac,kgCOD_S kgCOD_X^-1 d^-1,40,9.514,geometric_interpolation,IWA02; BASE35; MODEL,"k(T)=k35*(k55/k35)^((T-35)/20), rounded to the listed precision",Transition-region interpolation; it does not explicitly model microbial acclimation.
uptake_kinetics,k_m_ac,kgCOD_S kgCOD_X^-1 d^-1,45,11.314,geometric_interpolation,IWA02; BASE35; MODEL,"k(T)=k35*(k55/k35)^((T-35)/20), rounded to the listed precision",Transition-region interpolation; it does not explicitly model microbial acclimation.
uptake_kinetics,k_m_ac,kgCOD_S kgCOD_X^-1 d^-1,50,13.454,geometric_interpolation,IWA02; BASE35; MODEL,"k(T)=k35*(k55/k35)^((T-35)/20), rounded to the listed precision",Transition-region interpolation; it does not explicitly model microbial acclimation.
uptake_kinetics,k_m_ac,kgCOD_S kgCOD_X^-1 d^-1,55,16,literature_parameter_anchor,IWA02,55 C thermophilic anchor,Assumes a thermophilic microbial community acclimated to the operating temperature.
uptake_kinetics,k_m_ac,kgCOD_S kgCOD_X^-1 d^-1,60,16,held_constant_assumption,IWA02; MODEL,55 C thermophilic value held through 60 C,A conservative plateau assumption; not a directly fitted 60 C ADM1 parameter.
uptake_kinetics,k_m_ac,kgCOD_S kgCOD_X^-1 d^-1,65,12,stress_scenario_prior,A01; K22; MODEL,reaction-specific multiplier applied to the 55/60 C value,65 C multiplier = 0.75 relative to 55/60 C.
uptake_kinetics,k_m_h2,kgCOD_S kgCOD_X^-1 d^-1,10,4.9,literature_multiplier,L18; BASE35,L18 10 C multiplier x 35 C baseline,The acetoclastic-methanogenesis temperature multiplier is used as a proxy below 35 C.
uptake_kinetics,k_m_h2,kgCOD_S kgCOD_X^-1 d^-1,15,7,literature_multiplier,L18; BASE35,L18 15 C multiplier x 35 C baseline,The acetoclastic-methanogenesis temperature multiplier is used as a proxy below 35 C.
uptake_kinetics,k_m_h2,kgCOD_S kgCOD_X^-1 d^-1,20,10.15,literature_multiplier,L18; BASE35,L18 20 C multiplier x 35 C baseline,The acetoclastic-methanogenesis temperature multiplier is used as a proxy below 35 C.
uptake_kinetics,k_m_h2,kgCOD_S kgCOD_X^-1 d^-1,25,16.8,literature_multiplier,B15; BASE35,B15 25 C multiplier x 35 C baseline,The acetoclastic-methanogenesis temperature multiplier is used as a proxy below 35 C.
uptake_kinetics,k_m_h2,kgCOD_S kgCOD_X^-1 d^-1,30,24.5,literature_multiplier,B15; BASE35,B15 30 C multiplier x 35 C baseline,The acetoclastic-methanogenesis temperature multiplier is used as a proxy below 35 C.
uptake_kinetics,k_m_h2,kgCOD_S kgCOD_X^-1 d^-1,35,35,baseline_value,BASE35,35 C model baseline,
uptake_kinetics,k_m_h2,kgCOD_S kgCOD_X^-1 d^-1,40,35,geometric_interpolation,IWA02; BASE35; MODEL,"k(T)=k35*(k55/k35)^((T-35)/20), rounded to the listed precision",Transition-region interpolation; it does not explicitly model microbial acclimation.
uptake_kinetics,k_m_h2,kgCOD_S kgCOD_X^-1 d^-1,45,35,geometric_interpolation,IWA02; BASE35; MODEL,"k(T)=k35*(k55/k35)^((T-35)/20), rounded to the listed precision",Transition-region interpolation; it does not explicitly model microbial acclimation.
uptake_kinetics,k_m_h2,kgCOD_S kgCOD_X^-1 d^-1,50,35,geometric_interpolation,IWA02; BASE35; MODEL,"k(T)=k35*(k55/k35)^((T-35)/20), rounded to the listed precision",Transition-region interpolation; it does not explicitly model microbial acclimation.
uptake_kinetics,k_m_h2,kgCOD_S kgCOD_X^-1 d^-1,55,35,literature_parameter_anchor,IWA02,55 C thermophilic anchor,Assumes a thermophilic microbial community acclimated to the operating temperature.
uptake_kinetics,k_m_h2,kgCOD_S kgCOD_X^-1 d^-1,60,35,held_constant_assumption,IWA02; MODEL,55 C thermophilic value held through 60 C,A conservative plateau assumption; not a directly fitted 60 C ADM1 parameter.
uptake_kinetics,k_m_h2,kgCOD_S kgCOD_X^-1 d^-1,65,42,stress_scenario_prior,A01; K22; MODEL,reaction-specific multiplier applied to the 55/60 C value,"65 C multiplier = 1.20, representing hydrogenotrophic dominance as a sensitivity prior."
affinity_inhibition,K_S_IN,kgN m^-3,10,0.0001,held_constant_assumption,BASE35; MODEL,35 C baseline held below 35 C,No separate low-temperature schedule was applied to affinity/inhibition constants.
affinity_inhibition,K_S_IN,kgN m^-3,15,0.0001,held_constant_assumption,BASE35; MODEL,35 C baseline held below 35 C,No separate low-temperature schedule was applied to affinity/inhibition constants.
affinity_inhibition,K_S_IN,kgN m^-3,20,0.0001,held_constant_assumption,BASE35; MODEL,35 C baseline held below 35 C,No separate low-temperature schedule was applied to affinity/inhibition constants.
affinity_inhibition,K_S_IN,kgN m^-3,25,0.0001,held_constant_assumption,BASE35; MODEL,35 C baseline held below 35 C,No separate low-temperature schedule was applied to affinity/inhibition constants.
affinity_inhibition,K_S_IN,kgN m^-3,30,0.0001,held_constant_assumption,BASE35; MODEL,35 C baseline held below 35 C,No separate low-temperature schedule was applied to affinity/inhibition constants.
affinity_inhibition,K_S_IN,kgN m^-3,35,0.0001,baseline_value,BASE35,35 C model baseline,
affinity_inhibition,K_S_IN,kgN m^-3,40,0.0001,geometric_interpolation,IWA02; BASE35; MODEL,"Geometric interpolation between the 35 and 55 C anchors, rounded to the listed precision",Transition-region parameter; use sensitivity analysis because microbial adaptation is not explicit.
affinity_inhibition,K_S_IN,kgN m^-3,45,0.0001,geometric_interpolation,IWA02; BASE35; MODEL,"Geometric interpolation between the 35 and 55 C anchors, rounded to the listed precision",Transition-region parameter; use sensitivity analysis because microbial adaptation is not explicit.
affinity_inhibition,K_S_IN,kgN m^-3,50,0.0001,geometric_interpolation,IWA02; BASE35; MODEL,"Geometric interpolation between the 35 and 55 C anchors, rounded to the listed precision",Transition-region parameter; use sensitivity analysis because microbial adaptation is not explicit.
affinity_inhibition,K_S_IN,kgN m^-3,55,0.0001,literature_parameter_anchor,IWA02,55 C thermophilic anchor,K_I_h2_fa is retained from the 35 C model because the IWA thermophilic set lists it as N/A.
affinity_inhibition,K_S_IN,kgN m^-3,60,0.0001,held_constant_assumption,IWA02; MODEL,55 C thermophilic value held from 60 to 65 C,No independent 60 or 65 C ADM1 estimate was assigned to this parameter.
affinity_inhibition,K_S_IN,kgN m^-3,65,0.0001,held_constant_assumption,IWA02; MODEL,55 C thermophilic value held from 60 to 65 C,No independent 60 or 65 C ADM1 estimate was assigned to this parameter.
affinity_inhibition,K_S_su,kgCOD m^-3,10,0.5,held_constant_assumption,BASE35; MODEL,35 C baseline held below 35 C,No separate low-temperature schedule was applied to affinity/inhibition constants.
affinity_inhibition,K_S_su,kgCOD m^-3,15,0.5,held_constant_assumption,BASE35; MODEL,35 C baseline held below 35 C,No separate low-temperature schedule was applied to affinity/inhibition constants.
affinity_inhibition,K_S_su,kgCOD m^-3,20,0.5,held_constant_assumption,BASE35; MODEL,35 C baseline held below 35 C,No separate low-temperature schedule was applied to affinity/inhibition constants.
affinity_inhibition,K_S_su,kgCOD m^-3,25,0.5,held_constant_assumption,BASE35; MODEL,35 C baseline held below 35 C,No separate low-temperature schedule was applied to affinity/inhibition constants.
affinity_inhibition,K_S_su,kgCOD m^-3,30,0.5,held_constant_assumption,BASE35; MODEL,35 C baseline held below 35 C,No separate low-temperature schedule was applied to affinity/inhibition constants.
affinity_inhibition,K_S_su,kgCOD m^-3,35,0.5,baseline_value,BASE35,35 C model baseline,
affinity_inhibition,K_S_su,kgCOD m^-3,40,0.595,geometric_interpolation,IWA02; BASE35; MODEL,"Geometric interpolation between the 35 and 55 C anchors, rounded to the listed precision",Transition-region parameter; use sensitivity analysis because microbial adaptation is not explicit.
affinity_inhibition,K_S_su,kgCOD m^-3,45,0.707,geometric_interpolation,IWA02; BASE35; MODEL,"Geometric interpolation between the 35 and 55 C anchors, rounded to the listed precision",Transition-region parameter; use sensitivity analysis because microbial adaptation is not explicit.
affinity_inhibition,K_S_su,kgCOD m^-3,50,0.841,geometric_interpolation,IWA02; BASE35; MODEL,"Geometric interpolation between the 35 and 55 C anchors, rounded to the listed precision",Transition-region parameter; use sensitivity analysis because microbial adaptation is not explicit.
affinity_inhibition,K_S_su,kgCOD m^-3,55,1,literature_parameter_anchor,IWA02,55 C thermophilic anchor,K_I_h2_fa is retained from the 35 C model because the IWA thermophilic set lists it as N/A.
affinity_inhibition,K_S_su,kgCOD m^-3,60,1,held_constant_assumption,IWA02; MODEL,55 C thermophilic value held from 60 to 65 C,No independent 60 or 65 C ADM1 estimate was assigned to this parameter.
affinity_inhibition,K_S_su,kgCOD m^-3,65,1,held_constant_assumption,IWA02; MODEL,55 C thermophilic value held from 60 to 65 C,No independent 60 or 65 C ADM1 estimate was assigned to this parameter.
affinity_inhibition,K_S_aa,kgCOD m^-3,10,0.3,held_constant_assumption,BASE35; MODEL,35 C baseline held below 35 C,No separate low-temperature schedule was applied to affinity/inhibition constants.
affinity_inhibition,K_S_aa,kgCOD m^-3,15,0.3,held_constant_assumption,BASE35; MODEL,35 C baseline held below 35 C,No separate low-temperature schedule was applied to affinity/inhibition constants.
affinity_inhibition,K_S_aa,kgCOD m^-3,20,0.3,held_constant_assumption,BASE35; MODEL,35 C baseline held below 35 C,No separate low-temperature schedule was applied to affinity/inhibition constants.
affinity_inhibition,K_S_aa,kgCOD m^-3,25,0.3,held_constant_assumption,BASE35; MODEL,35 C baseline held below 35 C,No separate low-temperature schedule was applied to affinity/inhibition constants.
affinity_inhibition,K_S_aa,kgCOD m^-3,30,0.3,held_constant_assumption,BASE35; MODEL,35 C baseline held below 35 C,No separate low-temperature schedule was applied to affinity/inhibition constants.
affinity_inhibition,K_S_aa,kgCOD m^-3,35,0.3,baseline_value,BASE35,35 C model baseline,
affinity_inhibition,K_S_aa,kgCOD m^-3,40,0.3,geometric_interpolation,IWA02; BASE35; MODEL,"Geometric interpolation between the 35 and 55 C anchors, rounded to the listed precision",Transition-region parameter; use sensitivity analysis because microbial adaptation is not explicit.
affinity_inhibition,K_S_aa,kgCOD m^-3,45,0.3,geometric_interpolation,IWA02; BASE35; MODEL,"Geometric interpolation between the 35 and 55 C anchors, rounded to the listed precision",Transition-region parameter; use sensitivity analysis because microbial adaptation is not explicit.
affinity_inhibition,K_S_aa,kgCOD m^-3,50,0.3,geometric_interpolation,IWA02; BASE35; MODEL,"Geometric interpolation between the 35 and 55 C anchors, rounded to the listed precision",Transition-region parameter; use sensitivity analysis because microbial adaptation is not explicit.
affinity_inhibition,K_S_aa,kgCOD m^-3,55,0.3,literature_parameter_anchor,IWA02,55 C thermophilic anchor,K_I_h2_fa is retained from the 35 C model because the IWA thermophilic set lists it as N/A.
affinity_inhibition,K_S_aa,kgCOD m^-3,60,0.3,held_constant_assumption,IWA02; MODEL,55 C thermophilic value held from 60 to 65 C,No independent 60 or 65 C ADM1 estimate was assigned to this parameter.
affinity_inhibition,K_S_aa,kgCOD m^-3,65,0.3,held_constant_assumption,IWA02; MODEL,55 C thermophilic value held from 60 to 65 C,No independent 60 or 65 C ADM1 estimate was assigned to this parameter.
affinity_inhibition,K_S_fa,kgCOD m^-3,10,0.4,held_constant_assumption,BASE35; MODEL,35 C baseline held below 35 C,No separate low-temperature schedule was applied to affinity/inhibition constants.
affinity_inhibition,K_S_fa,kgCOD m^-3,15,0.4,held_constant_assumption,BASE35; MODEL,35 C baseline held below 35 C,No separate low-temperature schedule was applied to affinity/inhibition constants.
affinity_inhibition,K_S_fa,kgCOD m^-3,20,0.4,held_constant_assumption,BASE35; MODEL,35 C baseline held below 35 C,No separate low-temperature schedule was applied to affinity/inhibition constants.
affinity_inhibition,K_S_fa,kgCOD m^-3,25,0.4,held_constant_assumption,BASE35; MODEL,35 C baseline held below 35 C,No separate low-temperature schedule was applied to affinity/inhibition constants.
affinity_inhibition,K_S_fa,kgCOD m^-3,30,0.4,held_constant_assumption,BASE35; MODEL,35 C baseline held below 35 C,No separate low-temperature schedule was applied to affinity/inhibition constants.
affinity_inhibition,K_S_fa,kgCOD m^-3,35,0.4,baseline_value,BASE35,35 C model baseline,
affinity_inhibition,K_S_fa,kgCOD m^-3,40,0.4,geometric_interpolation,IWA02; BASE35; MODEL,"Geometric interpolation between the 35 and 55 C anchors, rounded to the listed precision",Transition-region parameter; use sensitivity analysis because microbial adaptation is not explicit.
affinity_inhibition,K_S_fa,kgCOD m^-3,45,0.4,geometric_interpolation,IWA02; BASE35; MODEL,"Geometric interpolation between the 35 and 55 C anchors, rounded to the listed precision",Transition-region parameter; use sensitivity analysis because microbial adaptation is not explicit.
affinity_inhibition,K_S_fa,kgCOD m^-3,50,0.4,geometric_interpolation,IWA02; BASE35; MODEL,"Geometric interpolation between the 35 and 55 C anchors, rounded to the listed precision",Transition-region parameter; use sensitivity analysis because microbial adaptation is not explicit.
affinity_inhibition,K_S_fa,kgCOD m^-3,55,0.4,literature_parameter_anchor,IWA02,55 C thermophilic anchor,K_I_h2_fa is retained from the 35 C model because the IWA thermophilic set lists it as N/A.
affinity_inhibition,K_S_fa,kgCOD m^-3,60,0.4,held_constant_assumption,IWA02; MODEL,55 C thermophilic value held from 60 to 65 C,No independent 60 or 65 C ADM1 estimate was assigned to this parameter.
affinity_inhibition,K_S_fa,kgCOD m^-3,65,0.4,held_constant_assumption,IWA02; MODEL,55 C thermophilic value held from 60 to 65 C,No independent 60 or 65 C ADM1 estimate was assigned to this parameter.
affinity_inhibition,K_S_c4,kgCOD m^-3,10,0.2,held_constant_assumption,BASE35; MODEL,35 C baseline held below 35 C,No separate low-temperature schedule was applied to affinity/inhibition constants.
affinity_inhibition,K_S_c4,kgCOD m^-3,15,0.2,held_constant_assumption,BASE35; MODEL,35 C baseline held below 35 C,No separate low-temperature schedule was applied to affinity/inhibition constants.
affinity_inhibition,K_S_c4,kgCOD m^-3,20,0.2,held_constant_assumption,BASE35; MODEL,35 C baseline held below 35 C,No separate low-temperature schedule was applied to affinity/inhibition constants.
affinity_inhibition,K_S_c4,kgCOD m^-3,25,0.2,held_constant_assumption,BASE35; MODEL,35 C baseline held below 35 C,No separate low-temperature schedule was applied to affinity/inhibition constants.
affinity_inhibition,K_S_c4,kgCOD m^-3,30,0.2,held_constant_assumption,BASE35; MODEL,35 C baseline held below 35 C,No separate low-temperature schedule was applied to affinity/inhibition constants.
affinity_inhibition,K_S_c4,kgCOD m^-3,35,0.2,baseline_value,BASE35,35 C model baseline,
affinity_inhibition,K_S_c4,kgCOD m^-3,40,0.238,geometric_interpolation,IWA02; BASE35; MODEL,"Geometric interpolation between the 35 and 55 C anchors, rounded to the listed precision",Transition-region parameter; use sensitivity analysis because microbial adaptation is not explicit.
affinity_inhibition,K_S_c4,kgCOD m^-3,45,0.283,geometric_interpolation,IWA02; BASE35; MODEL,"Geometric interpolation between the 35 and 55 C anchors, rounded to the listed precision",Transition-region parameter; use sensitivity analysis because microbial adaptation is not explicit.
affinity_inhibition,K_S_c4,kgCOD m^-3,50,0.336,geometric_interpolation,IWA02; BASE35; MODEL,"Geometric interpolation between the 35 and 55 C anchors, rounded to the listed precision",Transition-region parameter; use sensitivity analysis because microbial adaptation is not explicit.
affinity_inhibition,K_S_c4,kgCOD m^-3,55,0.4,literature_parameter_anchor,IWA02,55 C thermophilic anchor,K_I_h2_fa is retained from the 35 C model because the IWA thermophilic set lists it as N/A.
affinity_inhibition,K_S_c4,kgCOD m^-3,60,0.4,held_constant_assumption,IWA02; MODEL,55 C thermophilic value held from 60 to 65 C,No independent 60 or 65 C ADM1 estimate was assigned to this parameter.
affinity_inhibition,K_S_c4,kgCOD m^-3,65,0.4,held_constant_assumption,IWA02; MODEL,55 C thermophilic value held from 60 to 65 C,No independent 60 or 65 C ADM1 estimate was assigned to this parameter.
affinity_inhibition,K_S_pro,kgCOD m^-3,10,0.1,held_constant_assumption,BASE35; MODEL,35 C baseline held below 35 C,No separate low-temperature schedule was applied to affinity/inhibition constants.
affinity_inhibition,K_S_pro,kgCOD m^-3,15,0.1,held_constant_assumption,BASE35; MODEL,35 C baseline held below 35 C,No separate low-temperature schedule was applied to affinity/inhibition constants.
affinity_inhibition,K_S_pro,kgCOD m^-3,20,0.1,held_constant_assumption,BASE35; MODEL,35 C baseline held below 35 C,No separate low-temperature schedule was applied to affinity/inhibition constants.
affinity_inhibition,K_S_pro,kgCOD m^-3,25,0.1,held_constant_assumption,BASE35; MODEL,35 C baseline held below 35 C,No separate low-temperature schedule was applied to affinity/inhibition constants.
affinity_inhibition,K_S_pro,kgCOD m^-3,30,0.1,held_constant_assumption,BASE35; MODEL,35 C baseline held below 35 C,No separate low-temperature schedule was applied to affinity/inhibition constants.
affinity_inhibition,K_S_pro,kgCOD m^-3,35,0.1,baseline_value,BASE35,35 C model baseline,
affinity_inhibition,K_S_pro,kgCOD m^-3,40,0.132,geometric_interpolation,IWA02; BASE35; MODEL,"Geometric interpolation between the 35 and 55 C anchors, rounded to the listed precision",Transition-region parameter; use sensitivity analysis because microbial adaptation is not explicit.
affinity_inhibition,K_S_pro,kgCOD m^-3,45,0.173,geometric_interpolation,IWA02; BASE35; MODEL,"Geometric interpolation between the 35 and 55 C anchors, rounded to the listed precision",Transition-region parameter; use sensitivity analysis because microbial adaptation is not explicit.
affinity_inhibition,K_S_pro,kgCOD m^-3,50,0.228,geometric_interpolation,IWA02; BASE35; MODEL,"Geometric interpolation between the 35 and 55 C anchors, rounded to the listed precision",Transition-region parameter; use sensitivity analysis because microbial adaptation is not explicit.
affinity_inhibition,K_S_pro,kgCOD m^-3,55,0.3,literature_parameter_anchor,IWA02,55 C thermophilic anchor,K_I_h2_fa is retained from the 35 C model because the IWA thermophilic set lists it as N/A.
affinity_inhibition,K_S_pro,kgCOD m^-3,60,0.3,held_constant_assumption,IWA02; MODEL,55 C thermophilic value held from 60 to 65 C,No independent 60 or 65 C ADM1 estimate was assigned to this parameter.
affinity_inhibition,K_S_pro,kgCOD m^-3,65,0.3,held_constant_assumption,IWA02; MODEL,55 C thermophilic value held from 60 to 65 C,No independent 60 or 65 C ADM1 estimate was assigned to this parameter.
affinity_inhibition,K_S_ac,kgCOD m^-3,10,0.15,held_constant_assumption,BASE35; MODEL,35 C baseline held below 35 C,No separate low-temperature schedule was applied to affinity/inhibition constants.
affinity_inhibition,K_S_ac,kgCOD m^-3,15,0.15,held_constant_assumption,BASE35; MODEL,35 C baseline held below 35 C,No separate low-temperature schedule was applied to affinity/inhibition constants.
affinity_inhibition,K_S_ac,kgCOD m^-3,20,0.15,held_constant_assumption,BASE35; MODEL,35 C baseline held below 35 C,No separate low-temperature schedule was applied to affinity/inhibition constants.
affinity_inhibition,K_S_ac,kgCOD m^-3,25,0.15,held_constant_assumption,BASE35; MODEL,35 C baseline held below 35 C,No separate low-temperature schedule was applied to affinity/inhibition constants.
affinity_inhibition,K_S_ac,kgCOD m^-3,30,0.15,held_constant_assumption,BASE35; MODEL,35 C baseline held below 35 C,No separate low-temperature schedule was applied to affinity/inhibition constants.
affinity_inhibition,K_S_ac,kgCOD m^-3,35,0.15,baseline_value,BASE35,35 C model baseline,
affinity_inhibition,K_S_ac,kgCOD m^-3,40,0.178,geometric_interpolation,IWA02; BASE35; MODEL,"Geometric interpolation between the 35 and 55 C anchors, rounded to the listed precision",Transition-region parameter; use sensitivity analysis because microbial adaptation is not explicit.
affinity_inhibition,K_S_ac,kgCOD m^-3,45,0.212,geometric_interpolation,IWA02; BASE35; MODEL,"Geometric interpolation between the 35 and 55 C anchors, rounded to the listed precision",Transition-region parameter; use sensitivity analysis because microbial adaptation is not explicit.
affinity_inhibition,K_S_ac,kgCOD m^-3,50,0.252,geometric_interpolation,IWA02; BASE35; MODEL,"Geometric interpolation between the 35 and 55 C anchors, rounded to the listed precision",Transition-region parameter; use sensitivity analysis because microbial adaptation is not explicit.
affinity_inhibition,K_S_ac,kgCOD m^-3,55,0.3,literature_parameter_anchor,IWA02,55 C thermophilic anchor,K_I_h2_fa is retained from the 35 C model because the IWA thermophilic set lists it as N/A.
affinity_inhibition,K_S_ac,kgCOD m^-3,60,0.3,held_constant_assumption,IWA02; MODEL,55 C thermophilic value held from 60 to 65 C,No independent 60 or 65 C ADM1 estimate was assigned to this parameter.
affinity_inhibition,K_S_ac,kgCOD m^-3,65,0.3,held_constant_assumption,IWA02; MODEL,55 C thermophilic value held from 60 to 65 C,No independent 60 or 65 C ADM1 estimate was assigned to this parameter.
affinity_inhibition,K_S_h2,kgCOD m^-3,10,0.000007,held_constant_assumption,BASE35; MODEL,35 C baseline held below 35 C,No separate low-temperature schedule was applied to affinity/inhibition constants.
affinity_inhibition,K_S_h2,kgCOD m^-3,15,0.000007,held_constant_assumption,BASE35; MODEL,35 C baseline held below 35 C,No separate low-temperature schedule was applied to affinity/inhibition constants.
affinity_inhibition,K_S_h2,kgCOD m^-3,20,0.000007,held_constant_assumption,BASE35; MODEL,35 C baseline held below 35 C,No separate low-temperature schedule was applied to affinity/inhibition constants.
affinity_inhibition,K_S_h2,kgCOD m^-3,25,0.000007,held_constant_assumption,BASE35; MODEL,35 C baseline held below 35 C,No separate low-temperature schedule was applied to affinity/inhibition constants.
affinity_inhibition,K_S_h2,kgCOD m^-3,30,0.000007,held_constant_assumption,BASE35; MODEL,35 C baseline held below 35 C,No separate low-temperature schedule was applied to affinity/inhibition constants.
affinity_inhibition,K_S_h2,kgCOD m^-3,35,0.000007,baseline_value,BASE35,35 C model baseline,
affinity_inhibition,K_S_h2,kgCOD m^-3,40,0.00000644,geometric_interpolation,IWA02; BASE35; MODEL,"Geometric interpolation between the 35 and 55 C anchors, rounded to the listed precision",Transition-region parameter; use sensitivity analysis because microbial adaptation is not explicit.
affinity_inhibition,K_S_h2,kgCOD m^-3,45,0.00000592,geometric_interpolation,IWA02; BASE35; MODEL,"Geometric interpolation between the 35 and 55 C anchors, rounded to the listed precision",Transition-region parameter; use sensitivity analysis because microbial adaptation is not explicit.
affinity_inhibition,K_S_h2,kgCOD m^-3,50,0.00000544,geometric_interpolation,IWA02; BASE35; MODEL,"Geometric interpolation between the 35 and 55 C anchors, rounded to the listed precision",Transition-region parameter; use sensitivity analysis because microbial adaptation is not explicit.
affinity_inhibition,K_S_h2,kgCOD m^-3,55,0.000005,literature_parameter_anchor,IWA02,55 C thermophilic anchor,K_I_h2_fa is retained from the 35 C model because the IWA thermophilic set lists it as N/A.
affinity_inhibition,K_S_h2,kgCOD m^-3,60,0.000005,held_constant_assumption,IWA02; MODEL,55 C thermophilic value held from 60 to 65 C,No independent 60 or 65 C ADM1 estimate was assigned to this parameter.
affinity_inhibition,K_S_h2,kgCOD m^-3,65,0.000005,held_constant_assumption,IWA02; MODEL,55 C thermophilic value held from 60 to 65 C,No independent 60 or 65 C ADM1 estimate was assigned to this parameter.
affinity_inhibition,K_I_h2_fa,kgCOD m^-3,10,0.000005,held_constant_assumption,BASE35; MODEL,35 C baseline held below 35 C,No separate low-temperature schedule was applied to affinity/inhibition constants.
affinity_inhibition,K_I_h2_fa,kgCOD m^-3,15,0.000005,held_constant_assumption,BASE35; MODEL,35 C baseline held below 35 C,No separate low-temperature schedule was applied to affinity/inhibition constants.
affinity_inhibition,K_I_h2_fa,kgCOD m^-3,20,0.000005,held_constant_assumption,BASE35; MODEL,35 C baseline held below 35 C,No separate low-temperature schedule was applied to affinity/inhibition constants.
affinity_inhibition,K_I_h2_fa,kgCOD m^-3,25,0.000005,held_constant_assumption,BASE35; MODEL,35 C baseline held below 35 C,No separate low-temperature schedule was applied to affinity/inhibition constants.
affinity_inhibition,K_I_h2_fa,kgCOD m^-3,30,0.000005,held_constant_assumption,BASE35; MODEL,35 C baseline held below 35 C,No separate low-temperature schedule was applied to affinity/inhibition constants.
affinity_inhibition,K_I_h2_fa,kgCOD m^-3,35,0.000005,baseline_value,BASE35,35 C model baseline,
affinity_inhibition,K_I_h2_fa,kgCOD m^-3,40,0.000005,geometric_interpolation,IWA02; BASE35; MODEL,"Geometric interpolation between the 35 and 55 C anchors, rounded to the listed precision",Transition-region parameter; use sensitivity analysis because microbial adaptation is not explicit.
affinity_inhibition,K_I_h2_fa,kgCOD m^-3,45,0.000005,geometric_interpolation,IWA02; BASE35; MODEL,"Geometric interpolation between the 35 and 55 C anchors, rounded to the listed precision",Transition-region parameter; use sensitivity analysis because microbial adaptation is not explicit.
affinity_inhibition,K_I_h2_fa,kgCOD m^-3,50,0.000005,geometric_interpolation,IWA02; BASE35; MODEL,"Geometric interpolation between the 35 and 55 C anchors, rounded to the listed precision",Transition-region parameter; use sensitivity analysis because microbial adaptation is not explicit.
affinity_inhibition,K_I_h2_fa,kgCOD m^-3,55,0.000005,literature_parameter_anchor,IWA02,55 C thermophilic anchor,K_I_h2_fa is retained from the 35 C model because the IWA thermophilic set lists it as N/A.
affinity_inhibition,K_I_h2_fa,kgCOD m^-3,60,0.000005,held_constant_assumption,IWA02; MODEL,55 C thermophilic value held from 60 to 65 C,No independent 60 or 65 C ADM1 estimate was assigned to this parameter.
affinity_inhibition,K_I_h2_fa,kgCOD m^-3,65,0.000005,held_constant_assumption,IWA02; MODEL,55 C thermophilic value held from 60 to 65 C,No independent 60 or 65 C ADM1 estimate was assigned to this parameter.
affinity_inhibition,K_I_h2_c4,kgCOD m^-3,10,0.00001,held_constant_assumption,BASE35; MODEL,35 C baseline held below 35 C,No separate low-temperature schedule was applied to affinity/inhibition constants.
affinity_inhibition,K_I_h2_c4,kgCOD m^-3,15,0.00001,held_constant_assumption,BASE35; MODEL,35 C baseline held below 35 C,No separate low-temperature schedule was applied to affinity/inhibition constants.
affinity_inhibition,K_I_h2_c4,kgCOD m^-3,20,0.00001,held_constant_assumption,BASE35; MODEL,35 C baseline held below 35 C,No separate low-temperature schedule was applied to affinity/inhibition constants.
affinity_inhibition,K_I_h2_c4,kgCOD m^-3,25,0.00001,held_constant_assumption,BASE35; MODEL,35 C baseline held below 35 C,No separate low-temperature schedule was applied to affinity/inhibition constants.
affinity_inhibition,K_I_h2_c4,kgCOD m^-3,30,0.00001,held_constant_assumption,BASE35; MODEL,35 C baseline held below 35 C,No separate low-temperature schedule was applied to affinity/inhibition constants.
affinity_inhibition,K_I_h2_c4,kgCOD m^-3,35,0.00001,baseline_value,BASE35,35 C model baseline,
affinity_inhibition,K_I_h2_c4,kgCOD m^-3,40,0.0000132,geometric_interpolation,IWA02; BASE35; MODEL,"Geometric interpolation between the 35 and 55 C anchors, rounded to the listed precision",Transition-region parameter; use sensitivity analysis because microbial adaptation is not explicit.
affinity_inhibition,K_I_h2_c4,kgCOD m^-3,45,0.0000173,geometric_interpolation,IWA02; BASE35; MODEL,"Geometric interpolation between the 35 and 55 C anchors, rounded to the listed precision",Transition-region parameter; use sensitivity analysis because microbial adaptation is not explicit.
affinity_inhibition,K_I_h2_c4,kgCOD m^-3,50,0.0000228,geometric_interpolation,IWA02; BASE35; MODEL,"Geometric interpolation between the 35 and 55 C anchors, rounded to the listed precision",Transition-region parameter; use sensitivity analysis because microbial adaptation is not explicit.
affinity_inhibition,K_I_h2_c4,kgCOD m^-3,55,0.00003,literature_parameter_anchor,IWA02,55 C thermophilic anchor,K_I_h2_fa is retained from the 35 C model because the IWA thermophilic set lists it as N/A.
affinity_inhibition,K_I_h2_c4,kgCOD m^-3,60,0.00003,held_constant_assumption,IWA02; MODEL,55 C thermophilic value held from 60 to 65 C,No independent 60 or 65 C ADM1 estimate was assigned to this parameter.
affinity_inhibition,K_I_h2_c4,kgCOD m^-3,65,0.00003,held_constant_assumption,IWA02; MODEL,55 C thermophilic value held from 60 to 65 C,No independent 60 or 65 C ADM1 estimate was assigned to this parameter.
affinity_inhibition,K_I_h2_pro,kgCOD m^-3,10,0.0000035,held_constant_assumption,BASE35; MODEL,35 C baseline held below 35 C,No separate low-temperature schedule was applied to affinity/inhibition constants.
affinity_inhibition,K_I_h2_pro,kgCOD m^-3,15,0.0000035,held_constant_assumption,BASE35; MODEL,35 C baseline held below 35 C,No separate low-temperature schedule was applied to affinity/inhibition constants.
affinity_inhibition,K_I_h2_pro,kgCOD m^-3,20,0.0000035,held_constant_assumption,BASE35; MODEL,35 C baseline held below 35 C,No separate low-temperature schedule was applied to affinity/inhibition constants.
affinity_inhibition,K_I_h2_pro,kgCOD m^-3,25,0.0000035,held_constant_assumption,BASE35; MODEL,35 C baseline held below 35 C,No separate low-temperature schedule was applied to affinity/inhibition constants.
affinity_inhibition,K_I_h2_pro,kgCOD m^-3,30,0.0000035,held_constant_assumption,BASE35; MODEL,35 C baseline held below 35 C,No separate low-temperature schedule was applied to affinity/inhibition constants.
affinity_inhibition,K_I_h2_pro,kgCOD m^-3,35,0.0000035,baseline_value,BASE35,35 C model baseline,
affinity_inhibition,K_I_h2_pro,kgCOD m^-3,40,0.00000455,geometric_interpolation,IWA02; BASE35; MODEL,"Geometric interpolation between the 35 and 55 C anchors, rounded to the listed precision",Transition-region parameter; use sensitivity analysis because microbial adaptation is not explicit.
affinity_inhibition,K_I_h2_pro,kgCOD m^-3,45,0.00000592,geometric_interpolation,IWA02; BASE35; MODEL,"Geometric interpolation between the 35 and 55 C anchors, rounded to the listed precision",Transition-region parameter; use sensitivity analysis because microbial adaptation is not explicit.
affinity_inhibition,K_I_h2_pro,kgCOD m^-3,50,0.00000769,geometric_interpolation,IWA02; BASE35; MODEL,"Geometric interpolation between the 35 and 55 C anchors, rounded to the listed precision",Transition-region parameter; use sensitivity analysis because microbial adaptation is not explicit.
affinity_inhibition,K_I_h2_pro,kgCOD m^-3,55,0.00001,literature_parameter_anchor,IWA02,55 C thermophilic anchor,K_I_h2_fa is retained from the 35 C model because the IWA thermophilic set lists it as N/A.
affinity_inhibition,K_I_h2_pro,kgCOD m^-3,60,0.00001,held_constant_assumption,IWA02; MODEL,55 C thermophilic value held from 60 to 65 C,No independent 60 or 65 C ADM1 estimate was assigned to this parameter.
affinity_inhibition,K_I_h2_pro,kgCOD m^-3,65,0.00001,held_constant_assumption,IWA02; MODEL,55 C thermophilic value held from 60 to 65 C,No independent 60 or 65 C ADM1 estimate was assigned to this parameter.
affinity_inhibition,K_I_nh3,kgN m^-3,10,0.0018,held_constant_assumption,BASE35; MODEL,35 C baseline held below 35 C,No separate low-temperature schedule was applied to affinity/inhibition constants.
affinity_inhibition,K_I_nh3,kgN m^-3,15,0.0018,held_constant_assumption,BASE35; MODEL,35 C baseline held below 35 C,No separate low-temperature schedule was applied to affinity/inhibition constants.
affinity_inhibition,K_I_nh3,kgN m^-3,20,0.0018,held_constant_assumption,BASE35; MODEL,35 C baseline held below 35 C,No separate low-temperature schedule was applied to affinity/inhibition constants.
affinity_inhibition,K_I_nh3,kgN m^-3,25,0.0018,held_constant_assumption,BASE35; MODEL,35 C baseline held below 35 C,No separate low-temperature schedule was applied to affinity/inhibition constants.
affinity_inhibition,K_I_nh3,kgN m^-3,30,0.0018,held_constant_assumption,BASE35; MODEL,35 C baseline held below 35 C,No separate low-temperature schedule was applied to affinity/inhibition constants.
affinity_inhibition,K_I_nh3,kgN m^-3,35,0.0018,baseline_value,BASE35,35 C model baseline,
affinity_inhibition,K_I_nh3,kgN m^-3,40,0.00283,geometric_interpolation,IWA02; BASE35; MODEL,"Geometric interpolation between the 35 and 55 C anchors, rounded to the listed precision",Transition-region parameter; use sensitivity analysis because microbial adaptation is not explicit.
affinity_inhibition,K_I_nh3,kgN m^-3,45,0.00445,geometric_interpolation,IWA02; BASE35; MODEL,"Geometric interpolation between the 35 and 55 C anchors, rounded to the listed precision",Transition-region parameter; use sensitivity analysis because microbial adaptation is not explicit.
affinity_inhibition,K_I_nh3,kgN m^-3,50,0.007,geometric_interpolation,IWA02; BASE35; MODEL,"Geometric interpolation between the 35 and 55 C anchors, rounded to the listed precision",Transition-region parameter; use sensitivity analysis because microbial adaptation is not explicit.
affinity_inhibition,K_I_nh3,kgN m^-3,55,0.011,literature_parameter_anchor,IWA02,55 C thermophilic anchor,K_I_h2_fa is retained from the 35 C model because the IWA thermophilic set lists it as N/A.
affinity_inhibition,K_I_nh3,kgN m^-3,60,0.011,held_constant_assumption,IWA02; MODEL,55 C thermophilic value held from 60 to 65 C,No independent 60 or 65 C ADM1 estimate was assigned to this parameter.
affinity_inhibition,K_I_nh3,kgN m^-3,65,0.011,held_constant_assumption,IWA02; MODEL,55 C thermophilic value held from 60 to 65 C,No independent 60 or 65 C ADM1 estimate was assigned to this parameter.
decay,k_dec_X_i,d^-1,10,0.02,held_constant_assumption,BASE35; MODEL,35 C baseline held below 35 C,No separate low-temperature schedule was applied to affinity/inhibition constants.
decay,k_dec_X_i,d^-1,15,0.02,held_constant_assumption,BASE35; MODEL,35 C baseline held below 35 C,No separate low-temperature schedule was applied to affinity/inhibition constants.
decay,k_dec_X_i,d^-1,20,0.02,held_constant_assumption,BASE35; MODEL,35 C baseline held below 35 C,No separate low-temperature schedule was applied to affinity/inhibition constants.
decay,k_dec_X_i,d^-1,25,0.02,held_constant_assumption,BASE35; MODEL,35 C baseline held below 35 C,No separate low-temperature schedule was applied to affinity/inhibition constants.
decay,k_dec_X_i,d^-1,30,0.02,held_constant_assumption,BASE35; MODEL,35 C baseline held below 35 C,No separate low-temperature schedule was applied to affinity/inhibition constants.
decay,k_dec_X_i,d^-1,35,0.02,baseline_value,BASE35,35 C model baseline,
decay,k_dec_X_i,d^-1,40,0.0238,geometric_interpolation,IWA02; BASE35; MODEL,"Geometric interpolation between the 35 and 55 C anchors, rounded to the listed precision",Transition-region parameter; use sensitivity analysis because microbial adaptation is not explicit.
decay,k_dec_X_i,d^-1,45,0.0283,geometric_interpolation,IWA02; BASE35; MODEL,"Geometric interpolation between the 35 and 55 C anchors, rounded to the listed precision",Transition-region parameter; use sensitivity analysis because microbial adaptation is not explicit.
decay,k_dec_X_i,d^-1,50,0.0336,geometric_interpolation,IWA02; BASE35; MODEL,"Geometric interpolation between the 35 and 55 C anchors, rounded to the listed precision",Transition-region parameter; use sensitivity analysis because microbial adaptation is not explicit.
decay,k_dec_X_i,d^-1,55,0.04,literature_parameter_anchor,IWA02,55 C thermophilic anchor,K_I_h2_fa is retained from the 35 C model because the IWA thermophilic set lists it as N/A.
decay,k_dec_X_i,d^-1,60,0.04,held_constant_assumption,IWA02; MODEL,55 C thermophilic value held from 60 to 65 C,No independent 60 or 65 C ADM1 estimate was assigned to this parameter.
decay,k_dec_X_i,d^-1,65,0.04,held_constant_assumption,IWA02; MODEL,55 C thermophilic value held from 60 to 65 C,No independent 60 or 65 C ADM1 estimate was assigned to this parameter.
mass_transfer,k_L_a,d^-1,10,141.1,scaled_empirical_function,B15; BASE35,"kLa(T)=200*(0.56*T+27.9)/(0.56*35+27.9), rounded to one decimal",The relative temperature response is retained while kLa(35 C)=200 d^-1.
mass_transfer,k_L_a,d^-1,15,152.8,scaled_empirical_function,B15; BASE35,"kLa(T)=200*(0.56*T+27.9)/(0.56*35+27.9), rounded to one decimal",The relative temperature response is retained while kLa(35 C)=200 d^-1.
mass_transfer,k_L_a,d^-1,20,164.6,scaled_empirical_function,B15; BASE35,"kLa(T)=200*(0.56*T+27.9)/(0.56*35+27.9), rounded to one decimal",The relative temperature response is retained while kLa(35 C)=200 d^-1.
mass_transfer,k_L_a,d^-1,25,176.4,scaled_empirical_function,B15; BASE35,"kLa(T)=200*(0.56*T+27.9)/(0.56*35+27.9), rounded to one decimal",The relative temperature response is retained while kLa(35 C)=200 d^-1.
mass_transfer,k_L_a,d^-1,30,188.2,scaled_empirical_function,B15; BASE35,"kLa(T)=200*(0.56*T+27.9)/(0.56*35+27.9), rounded to one decimal",The relative temperature response is retained while kLa(35 C)=200 d^-1.
mass_transfer,k_L_a,d^-1,35,200,scaled_empirical_function,B15; BASE35,"kLa(T)=200*(0.56*T+27.9)/(0.56*35+27.9), rounded to one decimal",The relative temperature response is retained while kLa(35 C)=200 d^-1.
mass_transfer,k_L_a,d^-1,40,211.8,scaled_empirical_function,B15; BASE35,"kLa(T)=200*(0.56*T+27.9)/(0.56*35+27.9), rounded to one decimal",The relative temperature response is retained while kLa(35 C)=200 d^-1.
mass_transfer,k_L_a,d^-1,45,223.6,scaled_empirical_function,B15; BASE35,"kLa(T)=200*(0.56*T+27.9)/(0.56*35+27.9), rounded to one decimal",The relative temperature response is retained while kLa(35 C)=200 d^-1.
mass_transfer,k_L_a,d^-1,50,235.4,scaled_empirical_function,B15; BASE35,"kLa(T)=200*(0.56*T+27.9)/(0.56*35+27.9), rounded to one decimal",The relative temperature response is retained while kLa(35 C)=200 d^-1.
mass_transfer,k_L_a,d^-1,55,247.2,scaled_empirical_function,B15; BASE35,"kLa(T)=200*(0.56*T+27.9)/(0.56*35+27.9), rounded to one decimal",The relative temperature response is retained while kLa(35 C)=200 d^-1.
mass_transfer,k_L_a,d^-1,60,258.9,scaled_empirical_function,B15; BASE35,"kLa(T)=200*(0.56*T+27.9)/(0.56*35+27.9), rounded to one decimal",The relative temperature response is retained while kLa(35 C)=200 d^-1.
mass_transfer,k_L_a,d^-1,65,270.7,scaled_empirical_function,B15; BASE35,"kLa(T)=200*(0.56*T+27.9)/(0.56*35+27.9), rounded to one decimal",The relative temperature response is retained while kLa(35 C)=200 d^-1.
fixed_pH_and_pressure,pH_LL_aa,dimensionless,10,4,fixed_model_assumption,BASE35; MODEL,Fixed across 10-65 C,The parameter itself is fixed. Temperature-dependent acid-base equilibria and free NH3 should still be calculated separately.
fixed_pH_and_pressure,pH_LL_aa,dimensionless,15,4,fixed_model_assumption,BASE35; MODEL,Fixed across 10-65 C,The parameter itself is fixed. Temperature-dependent acid-base equilibria and free NH3 should still be calculated separately.
fixed_pH_and_pressure,pH_LL_aa,dimensionless,20,4,fixed_model_assumption,BASE35; MODEL,Fixed across 10-65 C,The parameter itself is fixed. Temperature-dependent acid-base equilibria and free NH3 should still be calculated separately.
fixed_pH_and_pressure,pH_LL_aa,dimensionless,25,4,fixed_model_assumption,BASE35; MODEL,Fixed across 10-65 C,The parameter itself is fixed. Temperature-dependent acid-base equilibria and free NH3 should still be calculated separately.
fixed_pH_and_pressure,pH_LL_aa,dimensionless,30,4,fixed_model_assumption,BASE35; MODEL,Fixed across 10-65 C,The parameter itself is fixed. Temperature-dependent acid-base equilibria and free NH3 should still be calculated separately.
fixed_pH_and_pressure,pH_LL_aa,dimensionless,35,4,fixed_model_assumption,BASE35; MODEL,Fixed across 10-65 C,The parameter itself is fixed. Temperature-dependent acid-base equilibria and free NH3 should still be calculated separately.
fixed_pH_and_pressure,pH_LL_aa,dimensionless,40,4,fixed_model_assumption,BASE35; MODEL,Fixed across 10-65 C,The parameter itself is fixed. Temperature-dependent acid-base equilibria and free NH3 should still be calculated separately.
fixed_pH_and_pressure,pH_LL_aa,dimensionless,45,4,fixed_model_assumption,BASE35; MODEL,Fixed across 10-65 C,The parameter itself is fixed. Temperature-dependent acid-base equilibria and free NH3 should still be calculated separately.
fixed_pH_and_pressure,pH_LL_aa,dimensionless,50,4,fixed_model_assumption,BASE35; MODEL,Fixed across 10-65 C,The parameter itself is fixed. Temperature-dependent acid-base equilibria and free NH3 should still be calculated separately.
fixed_pH_and_pressure,pH_LL_aa,dimensionless,55,4,fixed_model_assumption,BASE35; MODEL,Fixed across 10-65 C,The parameter itself is fixed. Temperature-dependent acid-base equilibria and free NH3 should still be calculated separately.
fixed_pH_and_pressure,pH_LL_aa,dimensionless,60,4,fixed_model_assumption,BASE35; MODEL,Fixed across 10-65 C,The parameter itself is fixed. Temperature-dependent acid-base equilibria and free NH3 should still be calculated separately.
fixed_pH_and_pressure,pH_LL_aa,dimensionless,65,4,fixed_model_assumption,BASE35; MODEL,Fixed across 10-65 C,The parameter itself is fixed. Temperature-dependent acid-base equilibria and free NH3 should still be calculated separately.
fixed_pH_and_pressure,pH_UL_aa,dimensionless,10,5.5,fixed_model_assumption,BASE35; MODEL,Fixed across 10-65 C,The parameter itself is fixed. Temperature-dependent acid-base equilibria and free NH3 should still be calculated separately.
fixed_pH_and_pressure,pH_UL_aa,dimensionless,15,5.5,fixed_model_assumption,BASE35; MODEL,Fixed across 10-65 C,The parameter itself is fixed. Temperature-dependent acid-base equilibria and free NH3 should still be calculated separately.
fixed_pH_and_pressure,pH_UL_aa,dimensionless,20,5.5,fixed_model_assumption,BASE35; MODEL,Fixed across 10-65 C,The parameter itself is fixed. Temperature-dependent acid-base equilibria and free NH3 should still be calculated separately.
fixed_pH_and_pressure,pH_UL_aa,dimensionless,25,5.5,fixed_model_assumption,BASE35; MODEL,Fixed across 10-65 C,The parameter itself is fixed. Temperature-dependent acid-base equilibria and free NH3 should still be calculated separately.
fixed_pH_and_pressure,pH_UL_aa,dimensionless,30,5.5,fixed_model_assumption,BASE35; MODEL,Fixed across 10-65 C,The parameter itself is fixed. Temperature-dependent acid-base equilibria and free NH3 should still be calculated separately.
fixed_pH_and_pressure,pH_UL_aa,dimensionless,35,5.5,fixed_model_assumption,BASE35; MODEL,Fixed across 10-65 C,The parameter itself is fixed. Temperature-dependent acid-base equilibria and free NH3 should still be calculated separately.
fixed_pH_and_pressure,pH_UL_aa,dimensionless,40,5.5,fixed_model_assumption,BASE35; MODEL,Fixed across 10-65 C,The parameter itself is fixed. Temperature-dependent acid-base equilibria and free NH3 should still be calculated separately.
fixed_pH_and_pressure,pH_UL_aa,dimensionless,45,5.5,fixed_model_assumption,BASE35; MODEL,Fixed across 10-65 C,The parameter itself is fixed. Temperature-dependent acid-base equilibria and free NH3 should still be calculated separately.
fixed_pH_and_pressure,pH_UL_aa,dimensionless,50,5.5,fixed_model_assumption,BASE35; MODEL,Fixed across 10-65 C,The parameter itself is fixed. Temperature-dependent acid-base equilibria and free NH3 should still be calculated separately.
fixed_pH_and_pressure,pH_UL_aa,dimensionless,55,5.5,fixed_model_assumption,BASE35; MODEL,Fixed across 10-65 C,The parameter itself is fixed. Temperature-dependent acid-base equilibria and free NH3 should still be calculated separately.
fixed_pH_and_pressure,pH_UL_aa,dimensionless,60,5.5,fixed_model_assumption,BASE35; MODEL,Fixed across 10-65 C,The parameter itself is fixed. Temperature-dependent acid-base equilibria and free NH3 should still be calculated separately.
fixed_pH_and_pressure,pH_UL_aa,dimensionless,65,5.5,fixed_model_assumption,BASE35; MODEL,Fixed across 10-65 C,The parameter itself is fixed. Temperature-dependent acid-base equilibria and free NH3 should still be calculated separately.
fixed_pH_and_pressure,K_pH_aa,kmol H+ m^-3,10,0.0000177828,fixed_model_assumption,BASE35; MODEL,Fixed across 10-65 C,The parameter itself is fixed. Temperature-dependent acid-base equilibria and free NH3 should still be calculated separately.
fixed_pH_and_pressure,K_pH_aa,kmol H+ m^-3,15,0.0000177828,fixed_model_assumption,BASE35; MODEL,Fixed across 10-65 C,The parameter itself is fixed. Temperature-dependent acid-base equilibria and free NH3 should still be calculated separately.
fixed_pH_and_pressure,K_pH_aa,kmol H+ m^-3,20,0.0000177828,fixed_model_assumption,BASE35; MODEL,Fixed across 10-65 C,The parameter itself is fixed. Temperature-dependent acid-base equilibria and free NH3 should still be calculated separately.
fixed_pH_and_pressure,K_pH_aa,kmol H+ m^-3,25,0.0000177828,fixed_model_assumption,BASE35; MODEL,Fixed across 10-65 C,The parameter itself is fixed. Temperature-dependent acid-base equilibria and free NH3 should still be calculated separately.
fixed_pH_and_pressure,K_pH_aa,kmol H+ m^-3,30,0.0000177828,fixed_model_assumption,BASE35; MODEL,Fixed across 10-65 C,The parameter itself is fixed. Temperature-dependent acid-base equilibria and free NH3 should still be calculated separately.
fixed_pH_and_pressure,K_pH_aa,kmol H+ m^-3,35,0.0000177828,fixed_model_assumption,BASE35; MODEL,Fixed across 10-65 C,The parameter itself is fixed. Temperature-dependent acid-base equilibria and free NH3 should still be calculated separately.
fixed_pH_and_pressure,K_pH_aa,kmol H+ m^-3,40,0.0000177828,fixed_model_assumption,BASE35; MODEL,Fixed across 10-65 C,The parameter itself is fixed. Temperature-dependent acid-base equilibria and free NH3 should still be calculated separately.
fixed_pH_and_pressure,K_pH_aa,kmol H+ m^-3,45,0.0000177828,fixed_model_assumption,BASE35; MODEL,Fixed across 10-65 C,The parameter itself is fixed. Temperature-dependent acid-base equilibria and free NH3 should still be calculated separately.
fixed_pH_and_pressure,K_pH_aa,kmol H+ m^-3,50,0.0000177828,fixed_model_assumption,BASE35; MODEL,Fixed across 10-65 C,The parameter itself is fixed. Temperature-dependent acid-base equilibria and free NH3 should still be calculated separately.
fixed_pH_and_pressure,K_pH_aa,kmol H+ m^-3,55,0.0000177828,fixed_model_assumption,BASE35; MODEL,Fixed across 10-65 C,The parameter itself is fixed. Temperature-dependent acid-base equilibria and free NH3 should still be calculated separately.
fixed_pH_and_pressure,K_pH_aa,kmol H+ m^-3,60,0.0000177828,fixed_model_assumption,BASE35; MODEL,Fixed across 10-65 C,The parameter itself is fixed. Temperature-dependent acid-base equilibria and free NH3 should still be calculated separately.
fixed_pH_and_pressure,K_pH_aa,kmol H+ m^-3,65,0.0000177828,fixed_model_assumption,BASE35; MODEL,Fixed across 10-65 C,The parameter itself is fixed. Temperature-dependent acid-base equilibria and free NH3 should still be calculated separately.
fixed_pH_and_pressure,nn_aa,dimensionless,10,2,fixed_model_assumption,BASE35; MODEL,Fixed across 10-65 C,The parameter itself is fixed. Temperature-dependent acid-base equilibria and free NH3 should still be calculated separately.
fixed_pH_and_pressure,nn_aa,dimensionless,15,2,fixed_model_assumption,BASE35; MODEL,Fixed across 10-65 C,The parameter itself is fixed. Temperature-dependent acid-base equilibria and free NH3 should still be calculated separately.
fixed_pH_and_pressure,nn_aa,dimensionless,20,2,fixed_model_assumption,BASE35; MODEL,Fixed across 10-65 C,The parameter itself is fixed. Temperature-dependent acid-base equilibria and free NH3 should still be calculated separately.
fixed_pH_and_pressure,nn_aa,dimensionless,25,2,fixed_model_assumption,BASE35; MODEL,Fixed across 10-65 C,The parameter itself is fixed. Temperature-dependent acid-base equilibria and free NH3 should still be calculated separately.
fixed_pH_and_pressure,nn_aa,dimensionless,30,2,fixed_model_assumption,BASE35; MODEL,Fixed across 10-65 C,The parameter itself is fixed. Temperature-dependent acid-base equilibria and free NH3 should still be calculated separately.
fixed_pH_and_pressure,nn_aa,dimensionless,35,2,fixed_model_assumption,BASE35; MODEL,Fixed across 10-65 C,The parameter itself is fixed. Temperature-dependent acid-base equilibria and free NH3 should still be calculated separately.
fixed_pH_and_pressure,nn_aa,dimensionless,40,2,fixed_model_assumption,BASE35; MODEL,Fixed across 10-65 C,The parameter itself is fixed. Temperature-dependent acid-base equilibria and free NH3 should still be calculated separately.
fixed_pH_and_pressure,nn_aa,dimensionless,45,2,fixed_model_assumption,BASE35; MODEL,Fixed across 10-65 C,The parameter itself is fixed. Temperature-dependent acid-base equilibria and free NH3 should still be calculated separately.
fixed_pH_and_pressure,nn_aa,dimensionless,50,2,fixed_model_assumption,BASE35; MODEL,Fixed across 10-65 C,The parameter itself is fixed. Temperature-dependent acid-base equilibria and free NH3 should still be calculated separately.
fixed_pH_and_pressure,nn_aa,dimensionless,55,2,fixed_model_assumption,BASE35; MODEL,Fixed across 10-65 C,The parameter itself is fixed. Temperature-dependent acid-base equilibria and free NH3 should still be calculated separately.
fixed_pH_and_pressure,nn_aa,dimensionless,60,2,fixed_model_assumption,BASE35; MODEL,Fixed across 10-65 C,The parameter itself is fixed. Temperature-dependent acid-base equilibria and free NH3 should still be calculated separately.
fixed_pH_and_pressure,nn_aa,dimensionless,65,2,fixed_model_assumption,BASE35; MODEL,Fixed across 10-65 C,The parameter itself is fixed. Temperature-dependent acid-base equilibria and free NH3 should still be calculated separately.
fixed_pH_and_pressure,pH_LL_ac,dimensionless,10,6,fixed_model_assumption,BASE35; MODEL,Fixed across 10-65 C,The parameter itself is fixed. Temperature-dependent acid-base equilibria and free NH3 should still be calculated separately.
fixed_pH_and_pressure,pH_LL_ac,dimensionless,15,6,fixed_model_assumption,BASE35; MODEL,Fixed across 10-65 C,The parameter itself is fixed. Temperature-dependent acid-base equilibria and free NH3 should still be calculated separately.
fixed_pH_and_pressure,pH_LL_ac,dimensionless,20,6,fixed_model_assumption,BASE35; MODEL,Fixed across 10-65 C,The parameter itself is fixed. Temperature-dependent acid-base equilibria and free NH3 should still be calculated separately.
fixed_pH_and_pressure,pH_LL_ac,dimensionless,25,6,fixed_model_assumption,BASE35; MODEL,Fixed across 10-65 C,The parameter itself is fixed. Temperature-dependent acid-base equilibria and free NH3 should still be calculated separately.
fixed_pH_and_pressure,pH_LL_ac,dimensionless,30,6,fixed_model_assumption,BASE35; MODEL,Fixed across 10-65 C,The parameter itself is fixed. Temperature-dependent acid-base equilibria and free NH3 should still be calculated separately.
fixed_pH_and_pressure,pH_LL_ac,dimensionless,35,6,fixed_model_assumption,BASE35; MODEL,Fixed across 10-65 C,The parameter itself is fixed. Temperature-dependent acid-base equilibria and free NH3 should still be calculated separately.
fixed_pH_and_pressure,pH_LL_ac,dimensionless,40,6,fixed_model_assumption,BASE35; MODEL,Fixed across 10-65 C,The parameter itself is fixed. Temperature-dependent acid-base equilibria and free NH3 should still be calculated separately.
fixed_pH_and_pressure,pH_LL_ac,dimensionless,45,6,fixed_model_assumption,BASE35; MODEL,Fixed across 10-65 C,The parameter itself is fixed. Temperature-dependent acid-base equilibria and free NH3 should still be calculated separately.
fixed_pH_and_pressure,pH_LL_ac,dimensionless,50,6,fixed_model_assumption,BASE35; MODEL,Fixed across 10-65 C,The parameter itself is fixed. Temperature-dependent acid-base equilibria and free NH3 should still be calculated separately.
fixed_pH_and_pressure,pH_LL_ac,dimensionless,55,6,fixed_model_assumption,BASE35; MODEL,Fixed across 10-65 C,The parameter itself is fixed. Temperature-dependent acid-base equilibria and free NH3 should still be calculated separately.
fixed_pH_and_pressure,pH_LL_ac,dimensionless,60,6,fixed_model_assumption,BASE35; MODEL,Fixed across 10-65 C,The parameter itself is fixed. Temperature-dependent acid-base equilibria and free NH3 should still be calculated separately.
fixed_pH_and_pressure,pH_LL_ac,dimensionless,65,6,fixed_model_assumption,BASE35; MODEL,Fixed across 10-65 C,The parameter itself is fixed. Temperature-dependent acid-base equilibria and free NH3 should still be calculated separately.
fixed_pH_and_pressure,pH_UL_ac,dimensionless,10,7,fixed_model_assumption,BASE35; MODEL,Fixed across 10-65 C,The parameter itself is fixed. Temperature-dependent acid-base equilibria and free NH3 should still be calculated separately.
fixed_pH_and_pressure,pH_UL_ac,dimensionless,15,7,fixed_model_assumption,BASE35; MODEL,Fixed across 10-65 C,The parameter itself is fixed. Temperature-dependent acid-base equilibria and free NH3 should still be calculated separately.
fixed_pH_and_pressure,pH_UL_ac,dimensionless,20,7,fixed_model_assumption,BASE35; MODEL,Fixed across 10-65 C,The parameter itself is fixed. Temperature-dependent acid-base equilibria and free NH3 should still be calculated separately.
fixed_pH_and_pressure,pH_UL_ac,dimensionless,25,7,fixed_model_assumption,BASE35; MODEL,Fixed across 10-65 C,The parameter itself is fixed. Temperature-dependent acid-base equilibria and free NH3 should still be calculated separately.
fixed_pH_and_pressure,pH_UL_ac,dimensionless,30,7,fixed_model_assumption,BASE35; MODEL,Fixed across 10-65 C,The parameter itself is fixed. Temperature-dependent acid-base equilibria and free NH3 should still be calculated separately.
fixed_pH_and_pressure,pH_UL_ac,dimensionless,35,7,fixed_model_assumption,BASE35; MODEL,Fixed across 10-65 C,The parameter itself is fixed. Temperature-dependent acid-base equilibria and free NH3 should still be calculated separately.
fixed_pH_and_pressure,pH_UL_ac,dimensionless,40,7,fixed_model_assumption,BASE35; MODEL,Fixed across 10-65 C,The parameter itself is fixed. Temperature-dependent acid-base equilibria and free NH3 should still be calculated separately.
fixed_pH_and_pressure,pH_UL_ac,dimensionless,45,7,fixed_model_assumption,BASE35; MODEL,Fixed across 10-65 C,The parameter itself is fixed. Temperature-dependent acid-base equilibria and free NH3 should still be calculated separately.
fixed_pH_and_pressure,pH_UL_ac,dimensionless,50,7,fixed_model_assumption,BASE35; MODEL,Fixed across 10-65 C,The parameter itself is fixed. Temperature-dependent acid-base equilibria and free NH3 should still be calculated separately.
fixed_pH_and_pressure,pH_UL_ac,dimensionless,55,7,fixed_model_assumption,BASE35; MODEL,Fixed across 10-65 C,The parameter itself is fixed. Temperature-dependent acid-base equilibria and free NH3 should still be calculated separately.
fixed_pH_and_pressure,pH_UL_ac,dimensionless,60,7,fixed_model_assumption,BASE35; MODEL,Fixed across 10-65 C,The parameter itself is fixed. Temperature-dependent acid-base equilibria and free NH3 should still be calculated separately.
fixed_pH_and_pressure,pH_UL_ac,dimensionless,65,7,fixed_model_assumption,BASE35; MODEL,Fixed across 10-65 C,The parameter itself is fixed. Temperature-dependent acid-base equilibria and free NH3 should still be calculated separately.
fixed_pH_and_pressure,K_pH_ac,kmol H+ m^-3,10,3.16228e-7,fixed_model_assumption,BASE35; MODEL,Fixed across 10-65 C,The parameter itself is fixed. Temperature-dependent acid-base equilibria and free NH3 should still be calculated separately.
fixed_pH_and_pressure,K_pH_ac,kmol H+ m^-3,15,3.16228e-7,fixed_model_assumption,BASE35; MODEL,Fixed across 10-65 C,The parameter itself is fixed. Temperature-dependent acid-base equilibria and free NH3 should still be calculated separately.
fixed_pH_and_pressure,K_pH_ac,kmol H+ m^-3,20,3.16228e-7,fixed_model_assumption,BASE35; MODEL,Fixed across 10-65 C,The parameter itself is fixed. Temperature-dependent acid-base equilibria and free NH3 should still be calculated separately.
fixed_pH_and_pressure,K_pH_ac,kmol H+ m^-3,25,3.16228e-7,fixed_model_assumption,BASE35; MODEL,Fixed across 10-65 C,The parameter itself is fixed. Temperature-dependent acid-base equilibria and free NH3 should still be calculated separately.
fixed_pH_and_pressure,K_pH_ac,kmol H+ m^-3,30,3.16228e-7,fixed_model_assumption,BASE35; MODEL,Fixed across 10-65 C,The parameter itself is fixed. Temperature-dependent acid-base equilibria and free NH3 should still be calculated separately.
fixed_pH_and_pressure,K_pH_ac,kmol H+ m^-3,35,3.16228e-7,fixed_model_assumption,BASE35; MODEL,Fixed across 10-65 C,The parameter itself is fixed. Temperature-dependent acid-base equilibria and free NH3 should still be calculated separately.
fixed_pH_and_pressure,K_pH_ac,kmol H+ m^-3,40,3.16228e-7,fixed_model_assumption,BASE35; MODEL,Fixed across 10-65 C,The parameter itself is fixed. Temperature-dependent acid-base equilibria and free NH3 should still be calculated separately.
fixed_pH_and_pressure,K_pH_ac,kmol H+ m^-3,45,3.16228e-7,fixed_model_assumption,BASE35; MODEL,Fixed across 10-65 C,The parameter itself is fixed. Temperature-dependent acid-base equilibria and free NH3 should still be calculated separately.
fixed_pH_and_pressure,K_pH_ac,kmol H+ m^-3,50,3.16228e-7,fixed_model_assumption,BASE35; MODEL,Fixed across 10-65 C,The parameter itself is fixed. Temperature-dependent acid-base equilibria and free NH3 should still be calculated separately.
fixed_pH_and_pressure,K_pH_ac,kmol H+ m^-3,55,3.16228e-7,fixed_model_assumption,BASE35; MODEL,Fixed across 10-65 C,The parameter itself is fixed. Temperature-dependent acid-base equilibria and free NH3 should still be calculated separately.
fixed_pH_and_pressure,K_pH_ac,kmol H+ m^-3,60,3.16228e-7,fixed_model_assumption,BASE35; MODEL,Fixed across 10-65 C,The parameter itself is fixed. Temperature-dependent acid-base equilibria and free NH3 should still be calculated separately.
fixed_pH_and_pressure,K_pH_ac,kmol H+ m^-3,65,3.16228e-7,fixed_model_assumption,BASE35; MODEL,Fixed across 10-65 C,The parameter itself is fixed. Temperature-dependent acid-base equilibria and free NH3 should still be calculated separately.
fixed_pH_and_pressure,n_ac,dimensionless,10,3,fixed_model_assumption,BASE35; MODEL,Fixed across 10-65 C,The parameter itself is fixed. Temperature-dependent acid-base equilibria and free NH3 should still be calculated separately.
fixed_pH_and_pressure,n_ac,dimensionless,15,3,fixed_model_assumption,BASE35; MODEL,Fixed across 10-65 C,The parameter itself is fixed. Temperature-dependent acid-base equilibria and free NH3 should still be calculated separately.
fixed_pH_and_pressure,n_ac,dimensionless,20,3,fixed_model_assumption,BASE35; MODEL,Fixed across 10-65 C,The parameter itself is fixed. Temperature-dependent acid-base equilibria and free NH3 should still be calculated separately.
fixed_pH_and_pressure,n_ac,dimensionless,25,3,fixed_model_assumption,BASE35; MODEL,Fixed across 10-65 C,The parameter itself is fixed. Temperature-dependent acid-base equilibria and free NH3 should still be calculated separately.
fixed_pH_and_pressure,n_ac,dimensionless,30,3,fixed_model_assumption,BASE35; MODEL,Fixed across 10-65 C,The parameter itself is fixed. Temperature-dependent acid-base equilibria and free NH3 should still be calculated separately.
fixed_pH_and_pressure,n_ac,dimensionless,35,3,fixed_model_assumption,BASE35; MODEL,Fixed across 10-65 C,The parameter itself is fixed. Temperature-dependent acid-base equilibria and free NH3 should still be calculated separately.
fixed_pH_and_pressure,n_ac,dimensionless,40,3,fixed_model_assumption,BASE35; MODEL,Fixed across 10-65 C,The parameter itself is fixed. Temperature-dependent acid-base equilibria and free NH3 should still be calculated separately.
fixed_pH_and_pressure,n_ac,dimensionless,45,3,fixed_model_assumption,BASE35; MODEL,Fixed across 10-65 C,The parameter itself is fixed. Temperature-dependent acid-base equilibria and free NH3 should still be calculated separately.
fixed_pH_and_pressure,n_ac,dimensionless,50,3,fixed_model_assumption,BASE35; MODEL,Fixed across 10-65 C,The parameter itself is fixed. Temperature-dependent acid-base equilibria and free NH3 should still be calculated separately.
fixed_pH_and_pressure,n_ac,dimensionless,55,3,fixed_model_assumption,BASE35; MODEL,Fixed across 10-65 C,The parameter itself is fixed. Temperature-dependent acid-base equilibria and free NH3 should still be calculated separately.
fixed_pH_and_pressure,n_ac,dimensionless,60,3,fixed_model_assumption,BASE35; MODEL,Fixed across 10-65 C,The parameter itself is fixed. Temperature-dependent acid-base equilibria and free NH3 should still be calculated separately.
fixed_pH_and_pressure,n_ac,dimensionless,65,3,fixed_model_assumption,BASE35; MODEL,Fixed across 10-65 C,The parameter itself is fixed. Temperature-dependent acid-base equilibria and free NH3 should still be calculated separately.
fixed_pH_and_pressure,pH_LL_h2,dimensionless,10,5,fixed_model_assumption,BASE35; MODEL,Fixed across 10-65 C,The parameter itself is fixed. Temperature-dependent acid-base equilibria and free NH3 should still be calculated separately.
fixed_pH_and_pressure,pH_LL_h2,dimensionless,15,5,fixed_model_assumption,BASE35; MODEL,Fixed across 10-65 C,The parameter itself is fixed. Temperature-dependent acid-base equilibria and free NH3 should still be calculated separately.
fixed_pH_and_pressure,pH_LL_h2,dimensionless,20,5,fixed_model_assumption,BASE35; MODEL,Fixed across 10-65 C,The parameter itself is fixed. Temperature-dependent acid-base equilibria and free NH3 should still be calculated separately.
fixed_pH_and_pressure,pH_LL_h2,dimensionless,25,5,fixed_model_assumption,BASE35; MODEL,Fixed across 10-65 C,The parameter itself is fixed. Temperature-dependent acid-base equilibria and free NH3 should still be calculated separately.
fixed_pH_and_pressure,pH_LL_h2,dimensionless,30,5,fixed_model_assumption,BASE35; MODEL,Fixed across 10-65 C,The parameter itself is fixed. Temperature-dependent acid-base equilibria and free NH3 should still be calculated separately.
fixed_pH_and_pressure,pH_LL_h2,dimensionless,35,5,fixed_model_assumption,BASE35; MODEL,Fixed across 10-65 C,The parameter itself is fixed. Temperature-dependent acid-base equilibria and free NH3 should still be calculated separately.
fixed_pH_and_pressure,pH_LL_h2,dimensionless,40,5,fixed_model_assumption,BASE35; MODEL,Fixed across 10-65 C,The parameter itself is fixed. Temperature-dependent acid-base equilibria and free NH3 should still be calculated separately.
fixed_pH_and_pressure,pH_LL_h2,dimensionless,45,5,fixed_model_assumption,BASE35; MODEL,Fixed across 10-65 C,The parameter itself is fixed. Temperature-dependent acid-base equilibria and free NH3 should still be calculated separately.
fixed_pH_and_pressure,pH_LL_h2,dimensionless,50,5,fixed_model_assumption,BASE35; MODEL,Fixed across 10-65 C,The parameter itself is fixed. Temperature-dependent acid-base equilibria and free NH3 should still be calculated separately.
fixed_pH_and_pressure,pH_LL_h2,dimensionless,55,5,fixed_model_assumption,BASE35; MODEL,Fixed across 10-65 C,The parameter itself is fixed. Temperature-dependent acid-base equilibria and free NH3 should still be calculated separately.
fixed_pH_and_pressure,pH_LL_h2,dimensionless,60,5,fixed_model_assumption,BASE35; MODEL,Fixed across 10-65 C,The parameter itself is fixed. Temperature-dependent acid-base equilibria and free NH3 should still be calculated separately.
fixed_pH_and_pressure,pH_LL_h2,dimensionless,65,5,fixed_model_assumption,BASE35; MODEL,Fixed across 10-65 C,The parameter itself is fixed. Temperature-dependent acid-base equilibria and free NH3 should still be calculated separately.
fixed_pH_and_pressure,pH_UL_h2,dimensionless,10,6,fixed_model_assumption,BASE35; MODEL,Fixed across 10-65 C,The parameter itself is fixed. Temperature-dependent acid-base equilibria and free NH3 should still be calculated separately.
fixed_pH_and_pressure,pH_UL_h2,dimensionless,15,6,fixed_model_assumption,BASE35; MODEL,Fixed across 10-65 C,The parameter itself is fixed. Temperature-dependent acid-base equilibria and free NH3 should still be calculated separately.
fixed_pH_and_pressure,pH_UL_h2,dimensionless,20,6,fixed_model_assumption,BASE35; MODEL,Fixed across 10-65 C,The parameter itself is fixed. Temperature-dependent acid-base equilibria and free NH3 should still be calculated separately.
fixed_pH_and_pressure,pH_UL_h2,dimensionless,25,6,fixed_model_assumption,BASE35; MODEL,Fixed across 10-65 C,The parameter itself is fixed. Temperature-dependent acid-base equilibria and free NH3 should still be calculated separately.
fixed_pH_and_pressure,pH_UL_h2,dimensionless,30,6,fixed_model_assumption,BASE35; MODEL,Fixed across 10-65 C,The parameter itself is fixed. Temperature-dependent acid-base equilibria and free NH3 should still be calculated separately.
fixed_pH_and_pressure,pH_UL_h2,dimensionless,35,6,fixed_model_assumption,BASE35; MODEL,Fixed across 10-65 C,The parameter itself is fixed. Temperature-dependent acid-base equilibria and free NH3 should still be calculated separately.
fixed_pH_and_pressure,pH_UL_h2,dimensionless,40,6,fixed_model_assumption,BASE35; MODEL,Fixed across 10-65 C,The parameter itself is fixed. Temperature-dependent acid-base equilibria and free NH3 should still be calculated separately.
fixed_pH_and_pressure,pH_UL_h2,dimensionless,45,6,fixed_model_assumption,BASE35; MODEL,Fixed across 10-65 C,The parameter itself is fixed. Temperature-dependent acid-base equilibria and free NH3 should still be calculated separately.
fixed_pH_and_pressure,pH_UL_h2,dimensionless,50,6,fixed_model_assumption,BASE35; MODEL,Fixed across 10-65 C,The parameter itself is fixed. Temperature-dependent acid-base equilibria and free NH3 should still be calculated separately.
fixed_pH_and_pressure,pH_UL_h2,dimensionless,55,6,fixed_model_assumption,BASE35; MODEL,Fixed across 10-65 C,The parameter itself is fixed. Temperature-dependent acid-base equilibria and free NH3 should still be calculated separately.
fixed_pH_and_pressure,pH_UL_h2,dimensionless,60,6,fixed_model_assumption,BASE35; MODEL,Fixed across 10-65 C,The parameter itself is fixed. Temperature-dependent acid-base equilibria and free NH3 should still be calculated separately.
fixed_pH_and_pressure,pH_UL_h2,dimensionless,65,6,fixed_model_assumption,BASE35; MODEL,Fixed across 10-65 C,The parameter itself is fixed. Temperature-dependent acid-base equilibria and free NH3 should still be calculated separately.
fixed_pH_and_pressure,K_pH_h2,kmol H+ m^-3,10,0.00000316228,fixed_model_assumption,BASE35; MODEL,Fixed across 10-65 C,The parameter itself is fixed. Temperature-dependent acid-base equilibria and free NH3 should still be calculated separately.
fixed_pH_and_pressure,K_pH_h2,kmol H+ m^-3,15,0.00000316228,fixed_model_assumption,BASE35; MODEL,Fixed across 10-65 C,The parameter itself is fixed. Temperature-dependent acid-base equilibria and free NH3 should still be calculated separately.
fixed_pH_and_pressure,K_pH_h2,kmol H+ m^-3,20,0.00000316228,fixed_model_assumption,BASE35; MODEL,Fixed across 10-65 C,The parameter itself is fixed. Temperature-dependent acid-base equilibria and free NH3 should still be calculated separately.
fixed_pH_and_pressure,K_pH_h2,kmol H+ m^-3,25,0.00000316228,fixed_model_assumption,BASE35; MODEL,Fixed across 10-65 C,The parameter itself is fixed. Temperature-dependent acid-base equilibria and free NH3 should still be calculated separately.
fixed_pH_and_pressure,K_pH_h2,kmol H+ m^-3,30,0.00000316228,fixed_model_assumption,BASE35; MODEL,Fixed across 10-65 C,The parameter itself is fixed. Temperature-dependent acid-base equilibria and free NH3 should still be calculated separately.
fixed_pH_and_pressure,K_pH_h2,kmol H+ m^-3,35,0.00000316228,fixed_model_assumption,BASE35; MODEL,Fixed across 10-65 C,The parameter itself is fixed. Temperature-dependent acid-base equilibria and free NH3 should still be calculated separately.
fixed_pH_and_pressure,K_pH_h2,kmol H+ m^-3,40,0.00000316228,fixed_model_assumption,BASE35; MODEL,Fixed across 10-65 C,The parameter itself is fixed. Temperature-dependent acid-base equilibria and free NH3 should still be calculated separately.
fixed_pH_and_pressure,K_pH_h2,kmol H+ m^-3,45,0.00000316228,fixed_model_assumption,BASE35; MODEL,Fixed across 10-65 C,The parameter itself is fixed. Temperature-dependent acid-base equilibria and free NH3 should still be calculated separately.
fixed_pH_and_pressure,K_pH_h2,kmol H+ m^-3,50,0.00000316228,fixed_model_assumption,BASE35; MODEL,Fixed across 10-65 C,The parameter itself is fixed. Temperature-dependent acid-base equilibria and free NH3 should still be calculated separately.
fixed_pH_and_pressure,K_pH_h2,kmol H+ m^-3,55,0.00000316228,fixed_model_assumption,BASE35; MODEL,Fixed across 10-65 C,The parameter itself is fixed. Temperature-dependent acid-base equilibria and free NH3 should still be calculated separately.
fixed_pH_and_pressure,K_pH_h2,kmol H+ m^-3,60,0.00000316228,fixed_model_assumption,BASE35; MODEL,Fixed across 10-65 C,The parameter itself is fixed. Temperature-dependent acid-base equilibria and free NH3 should still be calculated separately.
fixed_pH_and_pressure,K_pH_h2,kmol H+ m^-3,65,0.00000316228,fixed_model_assumption,BASE35; MODEL,Fixed across 10-65 C,The parameter itself is fixed. Temperature-dependent acid-base equilibria and free NH3 should still be calculated separately.
fixed_pH_and_pressure,n_h2,dimensionless,10,3,fixed_model_assumption,BASE35; MODEL,Fixed across 10-65 C,The parameter itself is fixed. Temperature-dependent acid-base equilibria and free NH3 should still be calculated separately.
fixed_pH_and_pressure,n_h2,dimensionless,15,3,fixed_model_assumption,BASE35; MODEL,Fixed across 10-65 C,The parameter itself is fixed. Temperature-dependent acid-base equilibria and free NH3 should still be calculated separately.
fixed_pH_and_pressure,n_h2,dimensionless,20,3,fixed_model_assumption,BASE35; MODEL,Fixed across 10-65 C,The parameter itself is fixed. Temperature-dependent acid-base equilibria and free NH3 should still be calculated separately.
fixed_pH_and_pressure,n_h2,dimensionless,25,3,fixed_model_assumption,BASE35; MODEL,Fixed across 10-65 C,The parameter itself is fixed. Temperature-dependent acid-base equilibria and free NH3 should still be calculated separately.
fixed_pH_and_pressure,n_h2,dimensionless,30,3,fixed_model_assumption,BASE35; MODEL,Fixed across 10-65 C,The parameter itself is fixed. Temperature-dependent acid-base equilibria and free NH3 should still be calculated separately.
fixed_pH_and_pressure,n_h2,dimensionless,35,3,fixed_model_assumption,BASE35; MODEL,Fixed across 10-65 C,The parameter itself is fixed. Temperature-dependent acid-base equilibria and free NH3 should still be calculated separately.
fixed_pH_and_pressure,n_h2,dimensionless,40,3,fixed_model_assumption,BASE35; MODEL,Fixed across 10-65 C,The parameter itself is fixed. Temperature-dependent acid-base equilibria and free NH3 should still be calculated separately.
fixed_pH_and_pressure,n_h2,dimensionless,45,3,fixed_model_assumption,BASE35; MODEL,Fixed across 10-65 C,The parameter itself is fixed. Temperature-dependent acid-base equilibria and free NH3 should still be calculated separately.
fixed_pH_and_pressure,n_h2,dimensionless,50,3,fixed_model_assumption,BASE35; MODEL,Fixed across 10-65 C,The parameter itself is fixed. Temperature-dependent acid-base equilibria and free NH3 should still be calculated separately.
fixed_pH_and_pressure,n_h2,dimensionless,55,3,fixed_model_assumption,BASE35; MODEL,Fixed across 10-65 C,The parameter itself is fixed. Temperature-dependent acid-base equilibria and free NH3 should still be calculated separately.
fixed_pH_and_pressure,n_h2,dimensionless,60,3,fixed_model_assumption,BASE35; MODEL,Fixed across 10-65 C,The parameter itself is fixed. Temperature-dependent acid-base equilibria and free NH3 should still be calculated separately.
fixed_pH_and_pressure,n_h2,dimensionless,65,3,fixed_model_assumption,BASE35; MODEL,Fixed across 10-65 C,The parameter itself is fixed. Temperature-dependent acid-base equilibria and free NH3 should still be calculated separately.
fixed_pH_and_pressure,k_p,m3 d^-1 bar^-1,10,50000,fixed_model_assumption,BASE35; MODEL,Fixed across 10-65 C,The parameter itself is fixed. Temperature-dependent acid-base equilibria and free NH3 should still be calculated separately.
fixed_pH_and_pressure,k_p,m3 d^-1 bar^-1,15,50000,fixed_model_assumption,BASE35; MODEL,Fixed across 10-65 C,The parameter itself is fixed. Temperature-dependent acid-base equilibria and free NH3 should still be calculated separately.
fixed_pH_and_pressure,k_p,m3 d^-1 bar^-1,20,50000,fixed_model_assumption,BASE35; MODEL,Fixed across 10-65 C,The parameter itself is fixed. Temperature-dependent acid-base equilibria and free NH3 should still be calculated separately.
fixed_pH_and_pressure,k_p,m3 d^-1 bar^-1,25,50000,fixed_model_assumption,BASE35; MODEL,Fixed across 10-65 C,The parameter itself is fixed. Temperature-dependent acid-base equilibria and free NH3 should still be calculated separately.
fixed_pH_and_pressure,k_p,m3 d^-1 bar^-1,30,50000,fixed_model_assumption,BASE35; MODEL,Fixed across 10-65 C,The parameter itself is fixed. Temperature-dependent acid-base equilibria and free NH3 should still be calculated separately.
fixed_pH_and_pressure,k_p,m3 d^-1 bar^-1,35,50000,fixed_model_assumption,BASE35; MODEL,Fixed across 10-65 C,The parameter itself is fixed. Temperature-dependent acid-base equilibria and free NH3 should still be calculated separately.
fixed_pH_and_pressure,k_p,m3 d^-1 bar^-1,40,50000,fixed_model_assumption,BASE35; MODEL,Fixed across 10-65 C,The parameter itself is fixed. Temperature-dependent acid-base equilibria and free NH3 should still be calculated separately.
fixed_pH_and_pressure,k_p,m3 d^-1 bar^-1,45,50000,fixed_model_assumption,BASE35; MODEL,Fixed across 10-65 C,The parameter itself is fixed. Temperature-dependent acid-base equilibria and free NH3 should still be calculated separately.
fixed_pH_and_pressure,k_p,m3 d^-1 bar^-1,50,50000,fixed_model_assumption,BASE35; MODEL,Fixed across 10-65 C,The parameter itself is fixed. Temperature-dependent acid-base equilibria and free NH3 should still be calculated separately.
fixed_pH_and_pressure,k_p,m3 d^-1 bar^-1,55,50000,fixed_model_assumption,BASE35; MODEL,Fixed across 10-65 C,The parameter itself is fixed. Temperature-dependent acid-base equilibria and free NH3 should still be calculated separately.
fixed_pH_and_pressure,k_p,m3 d^-1 bar^-1,60,50000,fixed_model_assumption,BASE35; MODEL,Fixed across 10-65 C,The parameter itself is fixed. Temperature-dependent acid-base equilibria and free NH3 should still be calculated separately.
fixed_pH_and_pressure,k_p,m3 d^-1 bar^-1,65,50000,fixed_model_assumption,BASE35; MODEL,Fixed across 10-65 C,The parameter itself is fixed. Temperature-dependent acid-base equilibria and free NH3 should still be calculated separately.
