target,segment,start_d,end_d,duration_d,pH_sp,direction,pH_start,pH_end,pH_min,pH_max,overshoot_pH,MAE_pH,RMSE_pH,final_abs_error_pH,settle_time_to_0p05_d,q_NaOH_max_m3_d,q_HCl_max_m3_d,NaOH_sat_fraction,HCl_sat_fraction
stage1,0,0.0,1.9567581112961003,1.9567581112961003,7.0,initial,7.078236896383718,6.988614896283651,6.988614896283651,7.156277508114389,,0.027534059931788916,0.04287834001935298,0.011385103716349043,,0.28800599114696473,4.412234979387968,0.0,0.0
stage1,1,1.9567581112961003,3.818156621971438,1.8613985106753377,8.4,up,6.988451524267594,8.363235267027264,6.988259658790475,8.363235267027264,0.0,0.08250889596001808,0.19377509093731565,0.036764732972736525,0.41824188870389967,34.25636013166177,0.0,0.0,0.0
stage1,2,3.818156621971438,5.095955173367859,1.2777985513964207,7.0,down,8.363307962655721,6.973363723884373,6.972864016975742,8.363451860356374,0.027135983024257904,0.13394804866629093,0.33776231506093096,0.026636276115627133,0.20267671102856166,1.7629276955684174,38.574325546703975,0.0,0.0
stage1,3,5.095955173367859,5.914398024677552,0.8184428513096931,8.4,up,6.973367553445729,8.353834896399029,6.973367553445729,8.353834896399029,0.0,0.10822973684082098,0.23324230778450614,0.04616510360097159,0.45612815963214093,34.66015883085802,0.0,0.0,0.0
stage1,4,5.914398024677552,7.726811736070119,1.8124137113925674,7.0,down,8.353929701867004,6.9703038508445125,6.964062303212807,8.354212105339393,0.03593769678719294,0.11316611207411655,0.29904361038733374,0.02969614915548746,0.1897686423224485,1.7749307095530602,38.23392177661005,0.0,0.0
stage1,5,7.726811736070119,8.867305897050882,1.1404941609807624,8.4,up,6.97034286477598,8.360375061398287,6.97034286477598,8.360375061398287,0.0,0.08484037560640452,0.19508758571703796,0.039624938601713566,0.3044382639298808,34.84941207357468,0.0,0.0,0.0
stage1,6,8.867305897050882,11.187295028026094,2.3199891309752125,7.0,down,8.360456901709684,6.9694631098298725,6.930768755998721,8.36070124124353,0.069231244001279,0.09964264762350687,0.26737457553673777,0.030536890170127506,0.247277435949119,1.7796496306885006,38.49650594764158,0.0,0.0
stage1,7,11.187295028026094,13.57035001186875,2.3830549838426567,8.4,up,6.969516276315899,8.372126254205304,6.969516276315899,8.372126254205304,0.0,0.06082385300239625,0.1650876468583425,0.027873745794696703,0.2502049719739059,34.993179093972394,0.0,0.0,0.0
stage1,8,13.57035001186875,16.298093720335366,2.7277437084666154,7.0,down,8.372183939817464,6.968693796736043,6.907141574954107,8.372298934615793,0.09285842504589326,0.08845441039720775,0.23458716660676257,0.03130620326395661,0.41923331813124953,2.251816805877177,38.82462399955558,0.0,0.0
stage1,9,16.298093720335366,18.297763543090745,1.9996698227553793,8.4,up,6.968748390411989,8.376734575845079,6.968748390411989,8.376734575845079,0.0,0.06277263934833176,0.17992654591993212,0.023265424154921277,0.24357294966463527,35.199854885101246,0.0,0.0,0.0
stage1,10,18.297763543090745,20.347433097131635,2.0496695540408894,7.0,down,8.376782756404426,6.962391813934227,6.936835863919219,8.376878817809335,0.06316413608078086,0.10880244680255549,0.27052201707332546,0.0376081860657731,0.525153126909256,1.7821603073209389,38.87387864851863,0.0,0.0
stage1,11,20.347433097131635,21.56059095521877,1.2131578580871363,8.4,up,6.9624708249237734,8.365296532732028,6.9624708249237734,8.365296532732028,0.0,0.11125213461418403,0.2960079981792165,0.03470346726797224,0.2567335728683666,35.189650062816135,0.0,0.0,0.0
stage1,12,21.56059095521877,24.390649715286827,2.830058760068056,7.0,down,8.365368557497455,6.967473053518252,6.877672083206592,8.365368557497455,0.12232791679340771,0.07894016330629736,0.19706477244208195,0.03252694648174792,0.6789923747812274,2.9664519802828893,38.6285520803786,0.0,0.0
stage1,13,24.390649715286827,25.78847660363983,1.397826888353002,8.4,up,6.967540074153128,8.371532546280623,6.967540074153128,8.371532546280623,0.0,0.08462264589189317,0.24384452006848065,0.028467453719377644,0.2031002847131731,35.225295032013236,0.0,0.0,0.0
stage1,14,25.78847660363983,28.317539850249815,2.5290632466099865,7.0,down,8.37159160094321,6.964487057150733,6.943419724454175,8.371768109377063,0.056580275545824676,0.1017447604179797,0.2584244771753192,0.03551294284926687,0.7531900663601725,1.7839594090436364,38.72958631368544,0.0,0.0
stage1,15,28.317539850249815,29.855945559690575,1.5384057094407595,8.4,up,6.964562101644,8.370728057518116,6.964562101644,8.370728057518116,0.0,0.0901634975154898,0.2606786660770091,0.02927194248188414,0.224126819750186,35.24735143263391,0.0,0.0,0.0
stage1,16,29.855945559690575,32.195212585345345,2.3392670256547703,7.0,down,8.370788830928982,6.963150147558534,6.861066215079992,8.371030836701454,0.13893378492000785,0.11408127391854221,0.28472019571984336,0.03684985244146599,0.9982211103094265,3.369144282087249,38.78874739608605,0.0,0.0
stage1,17,32.195212585345345,33.02557564920001,0.8303630638546622,8.4,up,6.963228570639945,8.365619871124837,6.963228570639945,8.365619871124837,0.0,0.08793795528660059,0.2180603843434885,0.03438012887516351,0.19020408465465266,35.26216813441247,0.0,0.0,0.0
stage1,18,33.02557564920001,34.19542469007696,1.1698490408769544,7.0,down,8.36569148621317,6.953460970520031,6.926098855974321,8.365762975589671,0.07390114402567871,0.14980524285893265,0.3288165864819723,0.046539029479968796,0.9223410207999905,1.7921027414402912,38.56004136964262,0.0,0.0
stage1,19,34.19542469007696,34.9103586089267,0.7149339188497379,8.4,up,6.953371723017818,8.36111873997975,6.953194552023368,8.36111873997975,0.0,0.1531545949115353,0.34537170459715905,0.03888126002025061,0.30457530992303816,35.34820749038414,0.0,0.0,0.0
stage1,20,34.9103586089267,37.711623709005586,2.8012651000788864,7.0,down,8.361203312814379,6.966178140578298,6.920169198618085,8.361203312814379,0.0798308013819149,0.08057912791656162,0.19668401937953323,0.03382185942170235,0.9229747210733024,1.9358969322341442,38.43130689053507,0.0,0.0
stage1,21,37.711623709005586,40.0,2.288376290994414,8.4,up,6.966251805743636,8.376594752125238,6.966251805743636,8.376594752125238,0.0,0.054322496657473546,0.16379041482192125,0.023405247874762836,0.18420962099441596,35.276761590840216,0.0,0.0,0.0
stage2,0,0.0,1.9567581112961003,1.9567581112961003,7.0,initial,7.261303246469217,7.00519529417228,7.003987193014713,7.262727419582293,,0.024554267646650228,0.05652990514880681,0.0051952941722799295,,0.0,32.42705706045539,0.0,0.0
stage2,1,1.9567581112961003,3.818156621971438,1.8613985106753377,8.4,up,7.005278854576876,8.394665217291804,7.005232136953472,8.409002958477917,0.009002958477916323,0.08470382485159515,0.25902451181408226,0.005334782708196428,0.33490855570389955,48.30199965217776,1.1119091406324633,0.0,0.0
stage2,2,3.818156621971438,5.095955173367859,1.2777985513964207,7.0,down,8.394687580985561,7.009961814034789,7.009828091791204,8.39473265198422,0.0,0.12931120565043722,0.3418738451190821,0.009961814034788574,0.306843378028562,0.26870855137856897,100.0,0.0,0.07317073170731707
stage2,3,5.095955173367859,5.914398024677552,0.8184428513096931,8.4,up,7.009921211908483,8.393870251384865,7.009921211908483,8.404055145739443,0.004055145739442878,0.16498834618192354,0.3509254998593124,0.0061297486151357106,0.33112815963214093,47.97531398547443,0.5005052098880322,0.0,0.0
stage2,4,5.914398024677552,7.726811736070119,1.8124137113925674,7.0,down,8.39380451772461,7.012301683219527,7.012239264404629,8.39380451772461,0.0,0.10294505078997045,0.30526400917744423,0.012301683219527071,0.3147686423224485,0.2225751421073686,100.0,0.0,0.05172413793103448
stage2,5,7.726811736070119,8.867305897050882,1.1404941609807624,8.4,up,7.012249087220205,8.393856407100383,7.012249087220205,8.40407590191191,0.004075901911908986,0.11575679740801387,0.28995382283071836,0.00614359289961719,0.3252715969298814,47.89497282067453,0.503067034573043,0.0,0.0
stage2,6,8.867305897050882,11.187295028026094,2.3199891309752125,7.0,down,8.393870192104538,7.013919794883085,7.013895834588961,8.393912779699713,0.0,0.08615438695579243,0.27051487186493095,0.013919794883085146,0.35144410294911843,0.24540116367558093,100.0,0.0,0.04054054054054054
stage2,7,11.187295028026094,13.57035001186875,2.3830549838426567,8.4,up,7.013880120378266,8.39620025207479,7.013880120378266,8.404085862921194,0.00408586292119395,0.06317264241442344,0.21856906433093373,0.0037997479252105393,0.3335383019739062,47.83791579443524,2.2586315302401494,0.0,0.0
stage2,8,13.57035001186875,16.298093720335366,2.7277437084666154,7.0,down,8.396215733051392,7.016427643700262,7.016427643700262,8.396246887185576,0.0,0.07681166060497227,0.2357368586095031,0.016427643700262173,0.4921499881312492,0.23155682268136868,100.0,0.0,0.03435114503816794
stage2,9,16.298093720335366,18.297763543090745,1.9996698227553793,8.4,up,7.016443382324187,8.39561807381167,7.016403829976218,8.408991356675653,0.00899135667565254,0.07435568607404706,0.23969276549402693,0.004381926188329999,0.3269062796646338,47.915114355716824,2.7607090289154663,0.0,0.0
stage2,10,18.297763543090745,20.347433097131635,2.0496695540408894,7.0,down,8.395635463900785,7.01996359766287,7.019926681149241,8.395670445455139,0.0,0.10003790563937466,0.2719578487271578,0.019963597662870036,0.566819786909253,0.2281679961623868,100.0,0.0,0.04568527918781726
stage2,11,20.347433097131635,21.56059095521877,1.2131578580871363,8.4,up,7.019890980006855,8.394388826016703,7.019849961939053,8.403915762383924,0.003915762383924104,0.1445548240373689,0.35727330992733347,0.005611173983297135,0.3609002328683637,47.63157208413447,3.122557406643899,0.0,0.0
stage2,12,21.56059095521877,24.390649715286827,2.830058760068056,7.0,down,8.394399770620614,7.019693853446319,7.019693853446319,8.394399770620614,0.0,0.06715726899573328,0.19791934043836965,0.01969385344631913,0.4602423747812274,0.0,100.0,0.0,0.03308823529411765
stage2,13,24.390649715286827,25.78847660363983,1.397826888353002,8.4,up,7.0196998502914685,8.39474678847915,7.01965882068653,8.403983809719264,0.003983809719263931,0.11462912021657928,0.30877357810168377,0.005253211520850343,0.34893361471317164,47.639075452219025,3.238831628558408,0.0,0.0
stage2,14,25.78847660363983,28.317539850249815,2.5290632466099865,7.0,down,8.39476462144871,7.0215168972522415,7.021503912519633,8.39481866812701,0.0,0.09189786384402479,0.2605936930208852,0.021516897252241485,0.5761067263601696,0.22489083559161138,100.0,0.0,0.037037037037037035
stage2,15,28.317539850249815,29.855945559690575,1.5384057094407595,8.4,up,7.021466453912057,8.395043567518764,7.021425802808247,8.403998097372831,0.0039980973728308555,0.113519300117131,0.3147280376690809,0.004956432481236561,0.3595434797501831,47.57797409576507,3.4134602270726897,0.0,0.0
stage2,16,29.855945559690575,32.195212585345345,2.3392670256547703,7.0,down,8.395061777836567,7.022665404409047,7.0226324185581905,8.395135336999662,0.0,0.10667756143341367,0.28767220652831477,0.02266540440904663,0.6648877703094236,0.22186444598786764,100.0,0.0,0.04017857142857143
stage2,17,32.195212585345345,33.02557564920001,0.8303630638546622,8.4,up,7.022598730764752,8.395009054905035,7.022598730764752,8.40400019215688,0.004000192156880189,0.154797488929395,0.33571759084110847,0.004990945094965227,0.32562074465465685,47.53777915815336,0.49372257967755906,0.0,0.0
stage2,18,33.02557564920001,34.19542469007696,1.1698490408769544,7.0,down,8.394953158041238,7.02600944236442,7.025984825174355,8.394953158041238,0.0,0.14608937351042753,0.3344028226177734,0.026009442364419932,0.4848410207999905,0.17683149196121656,100.0,0.0,0.08035714285714286
stage2,19,34.19542469007696,34.9103586089267,0.7149339188497379,8.4,up,7.02591951651282,8.397128125869623,7.025850665173276,8.408833579028228,0.008833579028227234,0.21845931919359,0.43234596056276836,0.002871874130377705,0.33582530992303816,47.58796240302041,3.715761552437545,0.0,0.0
stage2,20,34.9103586089267,37.711623709005586,2.8012651000788864,7.0,down,8.396917737518715,7.022983886745137,7.0229829396218,8.396917737518715,0.0,0.07010251886107596,0.19984571218059405,0.02298388674513685,0.4438080610732982,0.0,100.0,0.0,0.03345724907063197
stage2,21,37.711623709005586,40.0,2.288376290994414,8.4,up,7.022939602274624,8.39635165530978,7.022938861977542,8.404124076055162,0.0041240760551612965,0.06499866512424295,0.22158797634216512,0.0036483446902195737,0.34045962099441596,47.526040325875854,3.6506171979538697,0.0,0.0
