segment,start_d,end_d,duration_d,pH_sp,direction,pH_start,pH_end,pH_min,pH_max,overshoot_pH,MAE_pH,RMSE_pH,final_abs_error_pH,settle_time_to_0p05_d,q_NaOH_max_m3_d,q_HCl_max_m3_d,NaOH_sat_fraction,HCl_sat_fraction
0,0.0,1.9567581112961003,1.9567581112961003,7.0,initial,7.261303246469217,7.0077056922888925,6.966993015745733,7.272541870707176,,0.03221357352052288,0.0770232075777096,0.007705692288892507,,1.1703685915321065,33.81314784375763,0.0,0.0
1,1.9567581112961003,3.818156621971438,1.8613985106753377,8.4,up,7.007645629825307,8.395149336195027,7.007645629825307,8.411644115194763,0.011644115194762605,0.08465236616992007,0.30032026111948923,0.00485066380497301,0.16824188870389967,49.367706789331486,1.4446374333919398,0.0,0.0
2,3.818156621971438,5.095955173367859,1.2777985513964207,7.0,down,8.395166469242149,7.009978093225347,7.009908858327021,8.395251423036992,0.0,0.1543182233014171,0.4029295996710698,0.009978093225346818,0.2860100450285623,0.2888322749327977,100.0,0.0,0.0975609756097561
3,5.095955173367859,5.914398024677552,0.8184428513096931,8.4,up,7.009904146392983,8.389618191173318,7.00990089136244,8.429479059399672,0.029479059399671215,0.15015899640528835,0.3911755096727371,0.010381808826682715,0.14362815963214093,49.290426636170594,3.657345534429659,0.0,0.0
4,5.914398024677552,7.726811736070119,1.8124137113925674,7.0,down,8.38961361772811,7.009553443307143,7.009500868513498,8.38961361772811,0.0,0.13398634156132486,0.38213678320479566,0.009553443307143361,0.32518530832244785,0.4212176675432257,100.0,0.0,0.06896551724137931
5,7.726811736070119,8.867305897050882,1.1404941609807624,8.4,up,7.009471109237794,8.382400176593867,7.009447308259867,8.4498243974668,0.04982439746680001,0.11415182467613735,0.324897405583752,0.017599823406133197,0.1377715969298805,49.30650988124417,6.181507866661506,0.0,0.0
6,8.867305897050882,11.187295028026094,2.3199891309752125,7.0,down,8.38243293906906,7.009160482768772,7.00911845146759,8.38243293906906,0.0,0.05734326842445932,0.20842113656166428,0.009160482768772127,0.32019410294911843,0.0,100.0,0.0,0.05405405405405406
7,11.187295028026094,13.57035001186875,2.3830549838426567,8.4,up,7.009093436063272,8.38458127953185,7.00899847886968,8.471456335385799,0.07145633538579865,0.0893101031963544,0.28843522921471837,0.015418720468149516,0.2189549719739059,49.32242456818391,8.865293345583256,0.0,0.0
8,13.57035001186875,16.298093720335366,2.7277437084666154,7.0,down,8.384626525941549,7.008069429732528,6.980548807073645,8.384844773370633,0.019451192926355,0.08051984982297643,0.2712401441898446,0.008069429732527666,0.6067333181312495,1.0305075241619095,100.0,0.0,0.04580152671755725
9,16.298093720335366,18.297763543090745,1.9996698227553793,8.4,up,7.008086364306598,8.380775760335858,7.007905748305081,8.483593191988874,0.08359319198887327,0.11260490491620238,0.3293050373495866,0.019224239664142218,0.24357294966463527,49.361170838426645,10.37106317688809,0.0,0.0
10,18.297763543090745,20.347433097131635,2.0496695540408894,7.0,down,8.380840514206305,7.008656318788322,6.945161719753529,8.381286462021743,0.05483828024647064,0.11594262967211967,0.34043398874608355,0.008656318788322181,0.629319786909253,1.9444672775825629,100.0,0.0,0.06091370558375635
11,20.347433097131635,21.56059095521877,1.2131578580871363,8.4,up,7.008606313936851,8.374429637650545,7.008555178581712,8.48490959646925,0.08490959646924878,0.11385747390173419,0.3087718879229429,0.025570362349455422,0.2046502328683637,49.33814320305396,10.534384061131032,0.0,0.0
12,21.56059095521877,24.390649715286827,2.830058760068056,7.0,down,8.374519798270445,7.0071121504752725,6.929021127371516,8.375058085555299,0.07097887262848435,0.07757940451799775,0.2750880402978859,0.007112150475272472,0.5748257147812303,2.516783797841127,100.0,0.0,0.04411764705882353
13,24.390649715286827,25.78847660363983,1.397826888353002,8.4,up,7.00705315359426,8.374721505349717,7.006895506880942,8.49934149709256,0.0993414970925599,0.1834120933074972,0.4439029450332477,0.025278494650283534,0.2968502847131731,49.39699219137332,12.32489055533038,0.0,0.0
14,25.78847660363983,28.317539850249812,2.529063246609983,7.0,down,8.374811295024413,7.007524569156564,6.903171287538586,8.375527051536961,0.09682871246141378,0.09722211159940168,0.3164611967740128,0.007524569156563743,0.617773396360171,3.433372856797193,100.0,0.0,0.04938271604938271
15,28.317539850249812,29.85594555969057,1.5384057094407595,8.4,up,7.007561317192572,8.37614621730538,7.007438019180795,8.502467726498532,0.10246772649853142,0.12215531842591112,0.33542733719139983,0.023853782694621017,0.2449601497501881,49.37775567611409,12.7127489670428,0.0,0.0
16,29.85594555969057,32.195212585345345,2.339267025654774,7.0,down,8.376233188280109,7.007597239079372,6.898179852619574,8.376320110300407,0.10182014738042611,0.06263770099717716,0.22281612773976195,0.007597239079371931,0.5607211103094301,3.6103602062286537,100.0,0.0,0.05357142857142857
17,32.195212585345345,33.02557564920001,0.8303630638546622,8.4,up,7.007620183429933,8.369475881222444,7.007460853543478,8.502114706117956,0.10211470611795548,0.2031712371224986,0.4555778664755859,0.030524118777556453,0.24228741465465475,49.37694601047832,12.66895118180965,0.0,0.0
18,33.02557564920001,34.19542469007696,1.1698490408769544,7.0,down,8.369575341051416,7.009727745348753,6.88812650024348,8.370473611776443,0.11187349975651983,0.20714011061270568,0.48092201151300634,0.009727745348753203,0.40150768079999466,3.966834089754191,100.0,0.0,0.10714285714285714
19,34.19542469007696,34.9103586089267,0.7149339188497379,8.4,up,7.009177290364389,8.36848459462542,7.006610862465815,8.499619358951279,0.09961935895127816,0.23096237706393988,0.4909638553630058,0.03151540537458075,0.24207530992303816,49.40708517292694,12.35936373218428,0.0,0.0
20,34.9103586089267,37.71162370900559,2.8012651000788935,7.0,down,8.368567646871403,7.0071490176143385,6.890569062411079,8.369237102148594,0.10943093758892086,0.08537450769248581,0.29856796984635664,0.007149017614338504,0.39172472107330236,3.8802252065614513,100.0,0.0,0.04460966542750929
21,37.71162370900559,40.60645208477018,2.8948283757645896,8.4,up,7.007165553879039,8.385030729129198,7.007101494124031,8.509188638057882,0.1091886380578817,0.06403434613731432,0.21398152744605511,0.01496927087080202,0.22587629099440676,49.38968825237329,13.546584794218498,0.0,0.0
22,40.60645208477018,43.4740344956752,2.8675824109050154,7.0,down,8.385084964271911,7.006404948958279,6.902517838170921,8.385139156650197,0.09748216182907932,0.05773888668925851,0.20422158334914076,0.006404948958278922,0.810214585229815,3.4565430019452887,100.0,0.0,0.04363636363636364
23,43.4740344956752,44.030735423180246,0.5567009275050481,8.4,up,7.006333711922941,8.36788033688217,7.00628754592178,8.497527447903654,0.0975274479036532,0.21452095633080218,0.4524617131757056,0.032119663117830655,0.2030488343248038,49.41854939896306,12.099828940903231,0.0,0.0
24,44.030735423180246,45.71794886172648,1.6872134385462303,7.0,down,8.36790512054462,7.008446962147352,6.892294963020249,8.3681408998703,0.10770503697975098,0.14416465836124037,0.39903280600938157,0.008446962147352188,0.39634790681975574,3.819027859675165,100.0,0.0,0.07407407407407407
25,45.71794886172648,46.90911385020053,1.1911649884740498,8.4,up,7.008372762972273,8.37305646483282,7.008106848836887,8.502578156461126,0.10257815646112611,0.12632497044980695,0.3327425098121156,0.026943535167180954,0.21955113827352335,49.35404017346336,12.726449557861766,0.0,0.0
26,46.90911385020053,47.4860031549956,0.576889304795074,7.0,down,8.373153555927816,7.052472023141485,6.893510030246157,8.37392804224241,0.10648996975384328,0.3877055954009287,0.6633114215977268,0.052472023141485025,,3.775943750359162,100.0,0.0,0.21818181818181817
27,47.4860031549956,48.18678663399923,0.7007834790036327,8.4,up,7.056884272978047,8.36861488193597,7.056884272978047,8.491754379066764,0.09175437906676365,0.14951344893743515,0.348535221098768,0.03138511806402988,0.19108017500440155,47.48249443294752,11.383588058034748,0.0,0.0
28,48.18678663399923,50.78100295774003,2.5942163237407954,7.0,down,8.368697402662361,7.00771142423742,6.909517048467494,8.36919473800569,0.09048295153250585,0.08191812530780107,0.2853877002687216,0.007711424237419884,0.37571336600076677,3.208363530790521,100.0,0.0,0.04819277108433735
29,50.78100295774003,53.32308304645891,2.5420800887188832,8.4,up,7.007737013997786,8.382788223606928,7.007543148128804,8.502675566291897,0.10267556629189656,0.10438322234702235,0.3158005360750171,0.017211776393072142,0.2814970422599714,49.37402799175908,12.738534794529183,0.0,0.0
30,53.32308304645891,55.94733484937287,2.6242518029139603,7.0,down,8.382850302602048,7.006938094834712,6.910469907469205,8.383098244044103,0.08953009253079536,0.07780751417122199,0.2613375450143486,0.006938094834712416,0.8123336235410861,3.174576855850158,100.0,0.0,0.04780876494023904
31,55.94733484937287,58.41568835645697,2.468353507084096,8.4,up,7.006965874679384,8.38256426940822,7.0068076484017565,8.495618438076411,0.09561843807641068,0.08435251551749924,0.26625590276274974,0.01743573059177983,0.22974848062712994,49.4001074958115,11.862985951030714,0.0,0.0
32,58.41568835645697,61.14536050124404,2.7296721447870738,7.0,down,8.382626405006198,7.007153549138825,6.9227616897206685,8.383122147536742,0.07723831027933148,0.09653365596846364,0.30780580064566426,0.007153549138824822,0.8447283135430297,2.73873225489406,100.0,0.0,0.04580152671755725
33,61.14536050124404,63.53897566701495,2.3936151657709104,8.4,up,7.007107145174771,8.381802052897958,7.006920601199188,8.493731450655362,0.09373145065536193,0.11631954234490718,0.3395843642693999,0.018197947102041923,0.2817228287559601,49.39610239175772,11.628875190428406,0.0,0.0
34,63.53897566701495,65.0610924085894,1.5221167415744503,7.0,down,8.38186695211608,7.00950281244744,6.924753607289057,8.382384834957133,0.0752463927109428,0.16579502600106238,0.41195054041932705,0.009502812447440334,0.6589410029850455,2.668102422704476,100.0,0.0,0.0821917808219178
35,65.0610924085894,67.7812635710963,2.720171162506901,8.4,up,7.009514682448971,8.384049148527948,7.009514682448971,8.480562720874769,0.08056272087476835,0.0833627104442422,0.2684748079625201,0.015950851472052108,0.23057426141059523,49.29875047942083,9.995085102210668,0.0,0.0
36,67.7812635710963,69.63328761086689,1.8520240397705834,7.0,down,8.384105909662587,7.00991780267609,6.949402821488708,8.384558586399917,0.05059717851129175,0.1429545145599797,0.37571313802317846,0.00991780267608977,0.8749864289036964,1.7940854000348123,100.0,0.0,0.06779661016949153
37,69.63328761086689,70.2789785920852,0.6456909812183085,8.4,up,7.009903196448228,8.367865735932245,7.009532018201237,8.474891308718494,0.07489130871849348,0.38723189478639747,0.6781383839550317,0.032134264067755325,0.2833790591331109,49.30350621832222,9.291456345185493,0.0,0.0
38,70.2789785920852,72.57580043289028,2.2968218408050802,7.0,down,8.367897887797149,7.008390888279476,6.932715497798919,8.368200451124679,0.06728450220108062,0.10935842235937145,0.3422847923607056,0.008390888279476094,0.3981047379148066,2.385788034023067,100.0,0.0,0.05429864253393665
39,72.57580043289028,74.21269206480763,1.6368916319173508,8.4,up,7.008331118303648,8.376818293675637,7.008240942510825,8.494064217319188,0.0940642173191879,0.1082890411835263,0.30719385766884466,0.02318170632436356,0.22628289710972638,49.34928545176291,11.67016018040894,0.0,0.0
40,74.21269206480763,76.74978567778085,2.537093612973223,7.0,down,8.376902925173704,7.0071775698794,6.915103274529766,8.377156692676916,0.08489672547023375,0.07050158331450307,0.2483149961945395,0.007177569879400103,0.5789746051923714,3.010285951872169,100.0,0.0,0.04938271604938271
41,76.74978567778085,77.79058955002198,1.0408038722411277,8.4,up,7.007103449381875,8.371877247436291,7.007103449381875,8.497799795484418,0.09779979548441808,0.10063737909683403,0.2644615050495884,0.028122752563708886,0.17729765221915272,49.389618922429335,12.133617983993744,0.0,0.0
42,77.79058955002198,80.77020506413098,2.9796155141089997,7.0,down,8.37197794321833,7.006985085333517,6.90074805867479,8.372784767600105,0.09925194132521042,0.08257117600382864,0.2908405174747429,0.006985085333517382,0.605243779978025,3.519296215636468,100.0,0.0,0.04195804195804196
43,80.77020506413098,81.34282716792399,0.5726221037930088,8.4,up,7.006942024970927,8.36848052894114,7.006830668042581,8.506710812489688,0.10671081248968761,0.40449005755985196,0.6904809421511242,0.03151947105886066,0.2922949358690232,49.39929126054438,13.239171177180522,0.0,0.0
44,81.34282716792399,83.98606973807371,2.6432425701497237,7.0,down,8.368316173925537,7.006600182065637,6.873018824705282,8.368316173925537,0.12698117529471808,0.0615785767461588,0.23915131194802292,0.00660018206563695,0.3238395020760123,4.502525227264866,100.0,0.0,0.047244094488188976
45,83.98606973807371,84.71423961161781,0.728169873544104,8.4,up,7.006567784226898,8.368708060463513,7.006562342099703,8.51418550580827,0.11418550580826903,0.1488742505508959,0.35204147154790666,0.031291939536487234,0.20143026192629065,49.40880561827603,14.166525603904526,0.0,0.0
46,84.71423961161781,85.87103686590737,1.1567972542895575,7.0,down,8.368790257026143,7.005424641346477,6.861655454226878,8.369037688864195,0.13834454577312183,0.13355065864852375,0.36211560150572475,0.0054246413464769105,0.33784371838218874,4.90545000825717,100.0,0.0,0.10810810810810811
47,85.87103686590737,86.92814096687025,1.0571041009628743,8.4,up,7.004887508748257,8.37200879406753,7.004887508748257,8.509997583939764,0.109997583939764,0.09851347118206927,0.2590598654680994,0.027991205932471175,0.19146313409262916,49.46819221159466,13.64694737935344,0.0,0.0
48,86.92814096687025,87.73329946098345,0.8051584941132006,7.0,down,8.37210962570579,7.019277434242865,6.877762146104297,8.372715155790452,0.12223785389570274,0.2465308695871313,0.5142865053260175,0.019277434242865432,0.5822757031297527,4.334335539222341,100.0,0.0,0.15584415584415584
49,87.73329946098345,90.63787746678156,2.9045780057981148,8.4,up,7.021088686845867,8.3852123329499,7.021088686845867,8.498760827010706,0.09876082701070565,0.05376408487943999,0.17711960462496448,0.014787667050100595,0.1937838690165563,48.837333068388304,12.25284920889345,0.0,0.0
50,90.63787746678156,91.20620320851144,0.568325741729879,7.0,down,8.385264628624336,7.054986182670909,6.922197809543489,8.385785523655494,0.07780219045651116,0.45383220861032225,0.7287127219357751,0.054986182670909045,,2.7587264368427897,100.0,0.0,0.2222222222222222
51,91.20620320851144,93.15775625488423,1.9515530463727941,8.4,up,7.060490302843478,8.379273259883977,7.060490302843478,8.48405812902463,0.08405812902462984,0.08992647581987548,0.26631852107684806,0.02072674011602338,0.21046346148855832,46.75903625573139,10.42874600076863,0.0,0.0
52,93.15775625488423,94.55278446615652,1.3950282112722903,7.0,down,8.379346783005502,7.014427768201884,6.955034634409648,8.379932985136717,0.044965365590352135,0.18864606556188016,0.43036897486724196,0.01442776820188385,0.9151604151157642,1.594391392691492,100.0,0.0,0.08955223880597014
53,94.55278446615652,95.55815519811291,1.0053707319563898,8.4,up,7.014148864442195,8.371032182110342,7.01221024264826,8.460025801623573,0.060025801623572406,0.19100663334429913,0.4449121473768421,0.028967817889657965,0.2180488638434781,49.20854117244821,7.447154081211345,0.0,0.0
54,95.55815519811291,96.73879138708686,1.1806361889739492,7.0,down,8.371135085395387,7.011929686120127,6.96248981293828,8.371753527184467,0.037510187061720046,0.17635553039566787,0.4262040356869463,0.011929686120127236,0.3897614718870841,1.3300441040400723,100.0,0.0,0.10619469026548672
55,96.73879138708686,99.4135193386922,2.674727951605334,8.4,up,7.011775805499287,8.384081236409823,7.011619217026262,8.46815851184175,0.06815851184174981,0.05817452378047856,0.19089681075821283,0.015918763590176965,0.16745861291313702,49.229497883290016,8.456145955612646,0.0,0.0
56,99.4135193386922,102.22413036883144,2.810611030139242,7.0,down,8.384137879405042,7.008198676426304,6.968239819500711,8.384589582773238,0.03176018049928864,0.09817588140110622,0.3046816983100501,0.008198676426303564,0.8781473613077964,1.230977118774227,100.0,0.0,0.044444444444444446
57,102.22413036883144,102.79620275529123,0.5720723864597943,8.4,up,7.008163771989459,8.367924142085862,7.008095290573575,8.480925902689288,0.08092590268928745,0.2096951993172821,0.4484062786727249,0.032075857914138695,0.1925363311685544,49.35445000879544,10.040143574718522,0.0,0.0
58,102.79620275529123,105.20152991820213,2.4053271629108934,7.0,down,8.367955174015753,7.008410155734771,6.922462222402281,8.368180351667432,0.07753777759771907,0.09302034446281868,0.30948833298267975,0.00841015573477133,0.3808805447087735,2.749350830069885,100.0,0.0,0.05194805194805195
59,105.20152991820213,106.73221826329308,1.530688345090951,8.4,up,7.008341863631389,8.375945505434093,7.00825704706613,8.498185539675273,0.09818553967527244,0.11385073463290675,0.31675117171491735,0.024054494565907802,0.2255533817978801,49.348714413052896,12.181475677644208,0.0,0.0
60,106.73221826329308,107.2809162715536,0.5486980082605157,7.0,down,8.376034128669813,7.056151096498832,6.906084243070172,8.376122736447805,0.09391575692982812,0.23277940855113155,0.4621132974392736,0.056151096498831876,,3.330084666745209,100.0,0.0,0.23076923076923078
61,107.2809162715536,107.96063984474142,0.6797235731878288,8.4,up,7.051238348357575,8.368086646416543,7.0071230631831405,8.487258798961797,0.08725879896179656,0.32025817465768364,0.6021928383720028,0.03191335358345704,0.2711670284464134,49.3889234521378,10.825839942714774,0.0,0.0
62,107.96063984474142,110.38298580118744,2.422345956446023,7.0,down,8.368113871375602,7.008122980291315,6.918374188474206,8.368196919962598,0.08162581152579396,0.069259961913387,0.251166632989251,0.008122980291314974,0.34144345525858455,2.8943051971117018,100.0,0.0,0.05172413793103448
63,110.38298580118744,111.62803577253128,1.2450499713438319,8.4,up,7.008172290448329,8.372772683336933,7.007970485219651,8.500024798649353,0.10002479864935232,0.21333429870711976,0.4853491161866099,0.027227316663067214,0.30451419881255504,49.35887538329078,12.409664966329103,0.0,0.0
64,111.62803577253128,113.3227731163029,1.6947373437716209,7.0,down,8.37286963509227,7.008785912552955,6.898723214610887,8.373935438021832,0.10127678538911322,0.16593708577001762,0.4296049914275865,0.008785912552954578,0.6532142274687232,3.5910935624309026,100.0,0.0,0.07407407407407407
65,113.3227731163029,115.89127168060428,2.568498564301379,8.4,up,7.008692503960448,8.383178403861761,7.008164143630762,8.497451578294376,0.09745157829437545,0.08150022066443847,0.2603022358275124,0.016821596138239414,0.22931018369710898,49.35200860260873,12.090416110835324,0.0,0.0
66,115.89127168060428,116.39152913393944,0.5002574533351662,7.0,down,8.383237977744349,7.018688231682373,6.921409354674008,8.383831681339336,0.07859064532599191,0.5044079815256644,0.7713225821923089,0.01868823168237288,0.43164501939571664,2.786683635476032,100.0,0.0,0.25
67,116.39152913393944,117.07361516983488,0.6820860358954377,8.4,up,7.025037892931013,8.36831649820024,7.025037892931013,8.48361653013582,0.08361653013581893,0.3294341049516629,0.607866538448856,0.031683501799760094,0.2751375660605504,46.81638954939495,10.373958644696486,0.0,0.0
68,117.07361516983488,118.60858664461932,1.5349714747844416,7.0,down,8.368336693981906,7.01027839384518,6.938034557382473,8.368417938260077,0.061965442617527344,0.12083007414514581,0.33626242149630053,0.010278393845180034,0.5930515301651127,2.197183700312275,100.0,0.0,0.08163265306122448
69,118.60858664461932,120.41175308919476,1.8031664445754387,8.4,up,7.010277418437261,8.378423026477265,7.010255488451132,8.478210217227073,0.07821021722707222,0.07708684691463974,0.23076513708198396,0.0215769735227358,0.18308005538067107,49.27785325800139,9.703219659898528,0.0,0.0
70,120.41175308919476,122.65911533704735,2.2473622478525925,7.0,down,8.378500219710343,7.008669010014091,6.944692561577423,8.379116821096376,0.05530743842257735,0.1135703794507858,0.3378226542844746,0.00866901001409115,0.650746910805239,1.9611027868901056,100.0,0.0,0.05555555555555555
71,122.65911533704735,125.2951879301992,2.6360725931518516,8.4,up,7.008634226870835,8.383393109345086,7.008439757989294,8.485751586641527,0.0857515866415266,0.09655121963542021,0.29960955806248096,0.016606890654914608,0.26796796295265324,49.34223581070155,10.638846315332003,0.0,0.0
72,125.2951879301992,128.08194332371724,2.7867553935180354,7.0,down,8.383452430958675,7.00751694746466,6.94048570056972,8.383866621729803,0.05951429943027975,0.09135231715266232,0.2935479934270343,0.007516947464660362,0.8506453698008016,2.110270549519602,100.0,0.0,0.0449438202247191
73,128.08194332371724,130.60259116627105,2.5206478425538137,8.4,up,7.007468443290255,8.382961924463887,7.007361668457182,8.488714308320406,0.08871430832040517,0.07742987053893141,0.2485357445776311,0.017038075536113695,0.22013997628275206,49.380462936134265,11.006418996505314,0.0,0.0
74,130.60259116627105,133.18305322924678,2.5804620629757267,7.0,down,8.383023750063439,7.007625861081721,6.934633194138466,8.383147286187006,0.06536680586153398,0.06902789574802351,0.23232589527278313,0.007625861081720586,0.5953255337289534,2.317789953780055,100.0,0.0,0.04838709677419355
75,133.18305322924678,135.7808635381775,2.5978103089307183,8.4,up,7.00757906133655,8.383263921823238,7.007429952037136,8.489559676300384,0.08955967630038408,0.08675076065577836,0.2748745530863011,0.016736078176762703,0.2440300707532117,49.3780417225911,11.111300321401323,0.0,0.0
76,135.7808635381775,138.0333011827567,2.252437644579203,7.0,down,8.383323356754811,7.008385203062944,6.934535740785126,8.383856594804705,0.06546425921487398,0.12276739531611068,0.3515104195758768,0.00838520306294388,0.8649697618224934,2.3212454752845337,100.0,0.0,0.055299539170506916
77,138.0333011827567,138.64070875914678,0.6074075763900737,8.4,up,7.008354997386088,8.367835395646832,7.008159426288029,8.484901346719575,0.08490134671957428,0.34066527933760793,0.6244540755034427,0.03216460435316826,0.2583655172433055,49.35217587113978,10.533360548653135,0.0,0.0
78,138.64070875914678,140.80043479062974,2.159726031482961,7.0,down,8.367864224449198,7.008546187369706,6.915502540397273,8.368168474211798,0.08449745960272725,0.12204752387936448,0.36594174756422887,0.00854618736970636,0.4113745408532168,2.9961286987465665,100.0,0.0,0.057971014492753624
79,140.80043479062974,142.1815416111943,1.381106820564554,8.4,up,7.00857867356271,8.374407984565506,7.008352822590092,8.498434164480669,0.09843416448066833,0.15403135342151358,0.39298660003529334,0.025592015434494186,0.2516485093702556,49.34531838437547,12.212321533661354,0.0,0.0
80,142.1815416111943,143.60934501085745,1.427803399663162,7.0,down,8.374500757070438,7.008703392379811,6.903689996088082,8.375057321549464,0.0963100039119178,0.14625202904008489,0.38717595177362063,0.008703392379810992,0.5997083888057091,3.4149803799258542,100.0,0.0,0.08759124087591241
81,143.60934501085745,144.70232622238797,1.092981211530514,8.4,up,7.008466885612088,8.372306012312764,7.008253230596589,8.492942836185026,0.09294283618502597,0.11039895411777709,0.29258497989560767,0.027693987687236188,0.19273828914253954,49.34884973823278,11.531035039819598,0.0,0.0
82,144.70232622238797,147.0491471738477,2.3468209514597334,7.0,down,8.372406677842383,7.007308511767605,6.909544158698556,8.372810325259906,0.09045584130144402,0.07861777881902207,0.27224463370429297,0.007308511767605275,0.5580904776120406,3.207402250514216,100.0,0.0,0.05333333333333334
83,147.0491471738477,148.76665982837488,1.7175126545271837,8.4,up,7.007331792874473,8.377209514505404,7.007140855565341,8.500465669311849,0.10046566931184842,0.12885661077980395,0.35307465839604224,0.02279048549459617,0.2633528261522997,49.38829256610666,12.464361974360475,0.0,0.0
84,148.76665982837488,150.706856409019,1.9401965806441126,7.0,down,8.377290669159269,7.00791570986198,6.905605633123234,8.378100940147645,0.09439436687676572,0.141456478028543,0.38994215622280026,0.007915709861980424,0.6604234716251085,3.3470553189312904,100.0,0.0,0.06451612903225806
85,150.706856409019,152.26264953292952,1.5557931239105187,8.4,up,7.007830334585309,8.376223094948088,7.007643672776718,8.494670299956303,0.09467029995630227,0.11225754885102641,0.3142818024640957,0.023776905051912323,0.2202268909809959,49.37046356764549,11.745354357953504,0.0,0.0
86,152.26264953292952,153.04344437303962,0.7807948401101044,7.0,down,8.376307865305343,7.021524528537376,6.914077813299839,8.377154540686423,0.08592218670016116,0.33325734681711766,0.6134558788748891,0.021524528537375964,0.6540171670704922,3.0466469718943414,100.0,0.0,0.16
87,153.04344437303962,154.66433564688782,1.6208912738482013,8.4,up,7.023034914424806,8.376443685484906,7.023034914424806,8.481720118831655,0.08172011883165453,0.1344940477775208,0.3606465880157813,0.0235563145150941,0.24822232696038782,48.59355322171608,10.138678701714149,0.0,0.0
88,154.66433564688782,157.6587104599824,2.9943748130945664,7.0,down,8.376528194734037,7.0071683876217685,6.937996130913491,8.377203348091024,0.06200386908650923,0.08577020915680096,0.2918335565177215,0.007168387621768524,0.6377476531121715,2.198546234133403,100.0,0.0,0.041666666666666664
89,157.6587104599824,160.11723589507426,2.4585254350918717,8.4,up,7.0071093815547165,8.382314867617296,7.006954194239286,8.495775333260259,0.09577533326025822,0.1020990942402061,0.30954120895818615,0.017685132382704083,0.2683728400176051,49.39491124267478,11.882451290553206,0.0,0.0
90,160.11723589507426,162.13755593758793,2.0203200425136743,7.0,down,8.382379509402625,7.008230274440218,6.921578134431655,8.382379509402625,0.07842186556834463,0.07008609022949547,0.22119822517550916,0.008230274440218288,0.5806808049257484,2.780699007322364,100.0,0.0,0.061855670103092786
91,162.13755593758793,164.14349983746183,2.0059438998738983,8.4,up,7.008188224222168,8.379152604830573,7.007932225704474,8.488649675423249,0.0886496754232482,0.13555975713485413,0.37178048014215126,0.020847395169427685,0.2895273624120591,49.36023199722879,10.998400259048688,0.0,0.0
92,164.14349983746183,166.5835931836938,2.4400933462319756,7.0,down,8.379226679492607,7.0078058695820005,6.929165775883908,8.379965677045435,0.07083422411609241,0.11628718504839614,0.3480017932109579,0.007805869582000469,0.6690001625381683,2.511654820458303,100.0,0.0,0.05106382978723404
93,166.5835931836938,168.58091931974351,1.9973261360497077,8.4,up,7.007813395597994,8.37958768481539,7.007700257635914,8.491000922190214,0.09100092219021327,0.08583855941046853,0.2603949577058327,0.020412315184611174,0.2184901163061852,49.36845716980407,11.290109765343104,0.0,0.0
94,168.58091931974351,170.5465329600398,1.965613640296283,7.0,down,8.379661609214876,7.008428050068959,6.925261782455324,8.37995698376595,0.07473821754467558,0.09875906609941522,0.3001710922505037,0.008428050068959081,0.606580680256485,2.650083440751654,100.0,0.0,0.06349206349206349
95,170.5465329600398,173.33934556098487,2.7928126009450693,8.4,up,7.008443973043606,8.384313517227309,7.008285401893216,8.488381364518157,0.08838136451815615,0.08686422155058843,0.278227174676082,0.01568648277269169,0.2555503399601946,49.34770900162895,10.965112029689914,0.0,0.0
96,173.33934556098487,174.91100780414695,1.5716622431620806,7.0,down,8.384370175860099,7.010158043760964,6.937443924068527,8.384539920955927,0.06255607593147339,0.11907444087079957,0.31898476491293826,0.010158043760964297,0.8169044390151328,2.2181265006126574,100.0,0.0,0.07947019867549669
97,174.91100780414695,175.41225148091712,0.5012436767701729,8.4,up,7.010100503595728,8.368975939622665,7.009598134654204,8.475376626777479,0.07537662677747825,0.405883362115053,0.6875454394489999,0.031024060377335516,0.2556588958530597,49.30116184722368,9.351667758709285,0.0,0.0
98,175.41225148091712,177.8681952715439,2.455943790626776,7.0,down,8.368843929568454,7.008581938711112,6.9306397208413175,8.368843929568454,0.06936027915868248,0.09684538953989463,0.31894954726378444,0.008581938711111903,0.3898318190828718,2.459391370077292,100.0,0.0,0.05084745762711865
99,177.8681952715439,180.4152611622676,2.547065890723701,8.4,up,7.00851050031373,8.383302221551071,7.00851050031373,8.496157929160963,0.09615792916096311,0.0541484380666327,0.17021172041944488,0.016697778448929057,0.18388802845609575,49.33972741447926,11.92991838880634,0.0,0.0
100,180.4152611622676,181.6476737862746,1.2324126240069972,7.0,down,8.383361705704154,7.011282049776295,6.923641877248973,8.38383624643943,0.07635812275102705,0.2031854327284582,0.45704654012696944,0.011282049776294656,0.8555721377323948,2.7075223803459907,100.0,0.0,0.10084033613445378
101,181.6476737862746,183.92783842782532,2.2801646415507264,8.4,up,7.011515553524855,8.381194055186075,7.011515553524855,8.476058325305864,0.07605832530586376,0.11509656205966397,0.3355092603847129,0.01880594481392528,0.26899291372541256,49.22436014625104,9.436243288573234,0.0,0.0
102,183.92783842782532,185.3927536127322,1.4649151849068858,7.0,down,8.381261609998145,7.01074044610481,6.952258344859806,8.38166745833181,0.047741655140193906,0.15449152532947813,0.38731775289206,0.010740446104810175,0.6554948721746712,1.6928336516116955,100.0,0.0,0.08571428571428572
103,185.3927536127322,187.31030496044815,1.9175513477159427,8.4,up,7.010742604307512,8.378599714978273,7.01065755950238,8.471613359381417,0.07161335938141633,0.1408664810346395,0.38074130268767276,0.021400285021726972,0.2634963872677929,49.26359653808056,8.88477466625175,0.0,0.0
104,187.31030496044815,190.2032494684552,2.892944508007048,7.0,down,8.378676806682535,7.007712813779844,6.95508706016401,8.379138708107396,0.04491293983599043,0.0809106004878077,0.2741221252700419,0.007712813779844119,0.6271950395518502,1.5925324692642666,100.0,0.0,0.04316546762589928
105,190.2032494684552,190.93975145588897,0.736501987433769,8.4,up,7.007662862771502,8.36865758852441,7.007557108578348,8.489444211123644,0.08944421112364331,0.2071553090685727,0.45710651051540724,0.031342411475590026,0.22383383154479475,49.37353297920225,11.09697503229323,0.0,0.0
106,190.93975145588897,193.0832776327623,2.143526176873337,7.0,down,8.368742771893801,7.00832234109774,6.909410299705675,8.36917094781476,0.09058970029432523,0.0903949567283927,0.29955335278968287,0.008322341097739994,0.3623318441110257,3.212148650844383,100.0,0.0,0.05853658536585366
107,193.0832776327623,195.20257791205148,2.1193002792891775,8.4,up,7.008249479848657,8.380419518518801,7.008140561160193,8.499908115503402,0.09990811550340162,0.08804887550194987,0.26891877507748735,0.019580481481199286,0.2292223672376963,49.35284479481133,12.395188568795511,0.0,0.0
108,195.20257791205148,195.92873850067107,0.7261605886195923,7.0,down,8.38049035991226,7.033526013981766,6.911560329855714,8.380773390129209,0.088439670144286,0.2434928690912433,0.49284144193036594,0.033526013981766134,0.6099220879485188,3.1359124294717,100.0,0.0,0.17142857142857143
109,195.92873850067107,197.75777714402545,1.8290386433543802,8.4,up,7.035343815675762,8.378168670284795,7.035343815675762,8.48121353833942,0.08121353833941924,0.11294992154215747,0.31982216807011493,0.021831329715205072,0.23792819932893394,48.12647900931802,10.075829345634403,0.0,0.0
110,197.75777714402545,199.2363848633194,1.478607719293933,7.0,down,8.378245934991284,7.010499181999738,6.945734640243667,8.379094477508334,0.054265359756333176,0.19741248778347034,0.46232587709839973,0.010499181999738205,0.6797228559745463,1.9241525423151205,100.0,0.0,0.08450704225352113
111,199.2363848633194,200.2156164627181,0.9792315993987017,8.4,up,7.010393583119946,8.371281253071325,7.010281576263226,8.473823368652841,0.07382336865284067,0.12121021831739227,0.31329130667643323,0.028718746928674932,0.1802818366806207,49.27692823087195,9.158961417949198,0.0,0.0
112,200.2156164627181,201.3027156356805,1.0870991729624109,7.0,down,8.37138441483901,7.011542335945655,6.940294547485079,8.371694162447579,0.059705452514920765,0.14743143411100187,0.3756283683099655,0.011542335945654791,0.35730023728191895,2.1170484958086333,100.0,0.0,0.11428571428571428
113,201.3027156356805,204.1401917917599,2.83747615607939,8.4,up,7.01131244593775,8.384621236657061,7.009966870174489,8.477879425561781,0.07787942556178074,0.08089398209855266,0.26361028417451327,0.015378763342939195,0.23895106431950808,49.28808714557265,9.6621796998551,0.0,0.0
114,204.1401917917599,205.9803348916395,1.8401430998796116,7.0,down,8.38467563156991,7.010229451114721,6.954763777357833,8.385217459941893,0.04523622264216698,0.1597839367241478,0.4039374110158771,0.0102294511147214,0.9118915082401031,1.603995499016295,100.0,0.0,0.06779661016949153
115,205.9803348916395,206.91445064228665,0.9341157506471518,8.4,up,7.010195276961215,8.37078193249073,7.010155844388444,8.470537911554917,0.07053791155491673,0.12665928225456125,0.3227758206426265,0.029218067509269474,0.17591510836049906,49.281386458138805,8.751348282036647,0.0,0.0
116,206.91445064228665,209.74679189198895,2.8323412497022957,7.0,down,8.370884805007314,7.007766689435831,6.945649198272052,8.371709701756108,0.05435080172794837,0.08790315342817745,0.29855480364362347,0.007766689435831253,0.40846605771335476,1.9271821617195068,100.0,0.0,0.04411764705882353
117,209.74679189198895,210.6099078342744,0.8631159422854466,8.4,up,7.00770125671945,8.370157878182507,7.00770125671945,8.493637829050789,0.09363782905078821,0.11562416542627123,0.2910788881146634,0.02984212181749335,0.18029140801104404,49.36842174408987,11.617259943389094,0.0,0.0
118,210.6099078342744,211.40588479387836,0.7959769596039621,7.0,down,8.370259170286507,7.017587514639083,6.90401535163854,8.370360540929372,0.09598464836146015,0.15812377616159706,0.37903305877496624,0.017587514639083146,0.3275921657256049,3.403443854371053,100.0,0.0,0.15789473684210525
119,211.40588479387836,212.52690051218744,1.1210157183090814,8.4,up,7.016259067988514,8.371811729672528,7.005125201679943,8.491171312865731,0.09117131286573077,0.2092128074491208,0.47602216448875856,0.02818827032747251,0.2711985061216353,49.4597640456183,11.31124943495615,0.0,0.0
120,212.52690051218744,213.11322999434424,0.586329482156799,7.0,down,8.371912253135768,7.04808437647561,6.913040586301028,8.372818195599658,0.0869594136989722,0.405146544233448,0.6822551338182627,0.048084376475610036,0.4105994878125614,3.083425185024813,100.0,0.0,0.21428571428571427
121,213.11322999434424,215.29630105390865,2.183071059564412,8.4,up,7.051383915609517,8.381087183648663,7.051383915609517,8.48374104222995,0.08374104222994916,0.06504593712775471,0.20043850660045248,0.018912816351337014,0.17843670565576986,47.70909514153836,10.389406347598932,0.0,0.0
122,215.29630105390865,217.70515570717325,2.408854653264598,7.0,down,8.381154835228038,7.0083426455347535,6.94391937970772,8.381627343966473,0.056080620292280337,0.10308071809984645,0.31482149181881824,0.008342645534753501,0.6516156460913578,1.9885184322841705,100.0,0.0,0.05194805194805195
123,217.70515570717325,220.45009862661607,2.7449429194428205,8.4,up,7.008301830339976,8.384266207443735,7.008182237149227,8.48502949736938,0.08502949736937992,0.07239126764623234,0.23826707852681364,0.015733792556265058,0.221927592826745,49.35136703882458,10.549259672178298,0.0,0.0
124,220.45009862661607,223.1675145888736,2.717415962257519,7.0,down,8.384322866799451,7.007612840039508,6.942754719407705,8.384549118189582,0.05724528059229517,0.07816916713219715,0.2575029555610268,0.007612840039508129,0.831151373383932,2.0298152022175064,100.0,0.0,0.04597701149425287
125,223.1675145888736,224.3104437929788,1.1429292041052008,8.4,up,7.007618680664803,8.372133218272632,7.007421560516409,8.487526886815747,0.08752688681574661,0.18289910972448228,0.4359276394257387,0.02786678172736856,0.25956871112640556,49.37833927089838,10.85910049903666,0.0,0.0
126,224.3104437929788,225.26208261558048,0.9516388226016943,7.0,down,8.372233792973152,7.00688821879918,6.919146344481824,8.372837752003704,0.08085365551817603,0.21054459194472466,0.47152640865700546,0.006888218799179668,0.5749729070212197,2.866925926951265,100.0,0.0,0.13043478260869565
127,225.26208261558048,227.99319215077875,2.7311095351982715,8.4,up,7.007422570581499,8.383810473509193,7.007422570581499,8.484607397286176,0.08460739728617561,0.10414157369449228,0.3180573025041546,0.016189526490807182,0.2795840844195254,49.18839518831643,10.496891452641185,0.0,0.0
128,227.99319215077875,229.26297934786652,1.2697871970877657,7.0,down,8.383869515104397,7.012153511762429,6.94220704122647,8.383869515104397,0.05779295877352997,0.11046383399695019,0.28052200317688325,0.012153511762429403,0.777641149221239,2.049234890385528,100.0,0.0,0.09836065573770492
129,229.26297934786652,231.4312798699914,2.1683005221248948,8.4,up,7.012009466841761,8.380378247088087,7.010332248183733,8.471024048474028,0.07102404847402788,0.12697421387775376,0.35814981506482785,0.01962175291191315,0.2682706521334808,49.275131495254485,8.811661288165071,0.0,0.0
130,231.4312798699914,231.9508378988816,0.5195580288901738,7.0,down,8.38044875836849,7.054583384875477,6.958619849955391,8.38087105486287,0.04138015004460893,0.3819286254854673,0.6463157078486934,0.054583384875477314,,1.467266065630809,100.0,0.0,0.24
131,231.9508378988816,233.9924180284128,2.041580129531212,8.4,up,7.058094481892085,8.37993120367544,7.058094481892085,8.467334902890238,0.06733490289023791,0.08815077330986255,0.2649027587919804,0.020068796324560267,0.20541210111841224,47.12834619559439,8.35396418379662,0.0,0.0
132,233.9924180284128,234.9300752851932,0.9376572567803976,7.0,down,8.380004273096814,7.030025258519785,6.981182763026782,8.380004273096814,0.018817236973218243,0.14828241184823313,0.32708569898698436,0.030025258519785325,0.7679986715872076,0.6672255472726007,100.0,0.0,0.13333333333333333
133,234.9300752851932,235.5351038763409,0.6050285911477147,8.4,up,7.029240006436673,8.36796548814542,7.022758909381908,8.449505503303266,0.04950550330326564,0.2946931179002632,0.5684746218439294,0.032034511854579506,0.18450801480679502,48.83450432823076,6.141943980679069,0.0,0.0
134,235.5351038763409,238.15877295451057,2.6236690781696552,7.0,down,8.368001047970436,7.009282675662295,6.975984407523287,8.368295775493694,0.024015592476713365,0.09482906188908974,0.3096771773625704,0.009282675662294793,0.40239612365908783,1.217378907936418,100.0,0.0,0.047619047619047616
135,238.15877295451057,239.3260017871877,1.1672288326771252,8.4,up,7.009255490690824,8.372350613764818,7.009041796766418,8.483862937603188,0.08386293760318786,0.19092601454646083,0.4496978198015777,0.02764938623518276,0.2578937454894401,49.32088859308837,10.404529404713406,0.0,0.0
136,239.3260017871877,242.26709916441013,2.941097377222434,7.0,down,8.372451220606386,7.00696764296948,6.925454385011838,8.37285388274854,0.07454561498816226,0.06499944255493535,0.24348823857097396,0.006967642969479826,0.5594149128123149,2.6432540987840105,100.0,0.0,0.0425531914893617
137,242.26709916441013,243.914956816138,1.6478576517278611,8.4,up,7.006915536344256,8.376364953377562,7.00675038784087,8.50074214509296,0.1007421450929602,0.15957453986104514,0.40872548628913896,0.023635046622437983,0.2954008355898736,49.4021378528256,12.498663186272225,0.0,0.0
138,243.914956816138,245.35429140340295,1.439334587264966,7.0,down,8.37644979465233,7.007985235416646,6.903407391145446,8.37712786901745,0.09659260885455367,0.16558352243943883,0.4191978739796981,0.007985235416645864,0.62670988386202,3.425001045434852,100.0,0.0,0.08633093525179857
139,245.35429140340295,246.7142545667758,1.3599631633728393,8.4,up,7.007750115648139,8.374720840637973,7.007521440909428,8.491629281270834,0.09162928127083347,0.09436619624182557,0.26365622494079793,0.02527915936202696,0.19779189659703889,49.37479769091039,11.368067689521318,0.0,0.0
140,246.7142545667758,249.05406052846908,2.339805961693287,7.0,down,8.374813026159362,7.0075131219368965,6.915829113625546,8.375090906316693,0.08417088637445413,0.07426842118791456,0.2573325640506445,0.007513121936896461,0.5669954332242071,2.984548996515616,100.0,0.0,0.05333333333333334
141,249.05406052846908,250.4366155049596,1.3825549764905247,8.4,up,7.007444875534348,8.374411504188288,7.007308054414534,8.497662628181134,0.09766262818113347,0.1448051444933145,0.37585087034263615,0.02558849581171252,0.24802277153091268,49.38236399413751,12.116600201393007,0.0,0.0
142,250.4366155049596,252.02728348983135,1.590667984871743,7.0,down,8.374504230706277,7.00866061749888,6.905077705496766,8.375060515384094,0.09492229450323375,0.13145288829983717,0.36638687321912805,0.008660617498880363,0.5946344950403954,3.3657746877733685,100.0,0.0,0.0784313725490196
143,252.02728348983135,254.64899021324945,2.6217067234181,8.4,up,7.00860312041712,8.383246508913809,7.007781175475035,8.494750195485077,0.09475019548507646,0.10212697631664251,0.31200837450685986,0.01675349108619173,0.27479981016864485,49.36558796804143,11.755266667278626,0.0,0.0
144,254.64899021324945,257.26898189761374,2.619991684364294,7.0,down,8.383306011035106,7.0074522165890105,6.925917808988327,8.383839870288265,0.0740821910116729,0.10665293968386229,0.32669338728186303,0.0074522165890105185,0.8718430867505447,2.626821913932832,100.0,0.0,0.04780876494023904
145,257.26898189761374,258.75027359259843,1.4812916949846908,8.4,up,7.007410635756586,8.37509331428815,7.00720519865825,8.49113093956489,0.0911309395648896,0.17418147115962565,0.43054316953961597,0.02490668571184962,0.2831014023862508,49.386011075182125,11.306240485737664,0.0,0.0
146,258.75027359259843,261.0187146446787,2.268441052080277,7.0,down,8.375181698559805,7.007802192241064,6.918514606250249,8.376155188815886,0.08148539374975083,0.12801141853622536,0.3723425076171736,0.007802192241063821,0.666393107401575,2.889326234068375,100.0,0.0,0.055299539170506916
147,261.0187146446787,262.03035461235504,1.0116399676763308,8.4,up,7.007751764507733,8.370557263858778,7.007597204105318,8.495304847412536,0.09530484741253531,0.24357331592287793,0.521665976968566,0.02944273614122217,0.28336865532128286,49.37211126357183,11.82408004841646,0.0,0.0
148,262.03035461235504,264.44789377351754,2.4175391611624946,7.0,down,8.370660164834971,7.008090399884939,6.903147300320839,8.371588714181485,0.09685269967916099,0.10561901388963126,0.33483170536278734,0.008090399884938648,0.605062087644967,3.4342234006103856,100.0,0.0,0.05172413793103448
149,264.44789377351754,265.1515138232773,0.7036200497597633,8.4,up,7.008092006190221,8.36826695676735,7.007958737446924,8.502547408739082,0.10254740873908119,0.2334250341311623,0.49358861986388836,0.03173304323265036,0.239606226482465,49.359291938287576,12.722634814576026,0.0,0.0
150,265.1515138232773,267.8835861144261,2.7320722911488247,7.0,down,8.368349840030229,7.007026079340719,6.884847305015177,8.369103084990709,0.11515269498482272,0.09240100073580165,0.3140338746053492,0.007026079340718638,0.40056947672269416,4.083108484020052,100.0,0.0,0.04580152671755725
151,267.8835861144261,268.77451694795093,0.8909308335248056,8.4,up,7.007054919436236,8.369258456906582,7.006939169540334,8.510533167417693,0.11053316741769237,0.28558112265152436,0.5719387560804068,0.030741543093418144,0.303913885573877,49.39544399161106,13.713395016462837,0.0,0.0
152,268.77451694795093,271.3969829113144,2.6224659633634815,7.0,down,8.369358463134349,7.006862130595174,6.871601438329539,8.37026511409987,0.12839856167046104,0.09598595902036329,0.3204574097691732,0.00686213059517371,0.4025663520490639,4.552783211558618,100.0,0.0,0.047619047619047616
153,271.3969829113144,273.0162493143512,1.6192664030368178,8.4,up,7.006869668457507,8.376131557810327,7.006683780675242,8.512894942583829,0.1128949425838286,0.15283491791630338,0.3957668992844308,0.023868442189673544,0.2905170886855899,49.40449962371691,14.006410737896998,0.0,0.0
154,273.0162493143512,274.2156830489764,1.1994337346251882,7.0,down,8.37621664308396,7.008209222213837,6.880489789109971,8.377066551944623,0.119510210890029,0.22129264062928472,0.4949089911970129,0.008209222213836576,0.6504173856487796,4.237618199699265,100.0,0.0,0.10434782608695652
155,274.2156830489764,274.7614276580905,0.545744609114081,8.4,up,7.007267283557263,8.367842397533336,7.004480719162531,8.497624571055477,0.0976245710554764,0.2403946001164378,0.49162800334157497,0.03215760246666477,0.2114002510235764,49.48261624230368,12.11187861049392,0.0,0.0
156,274.7614276580905,276.2877363341063,1.5263086760157876,7.0,down,8.367866407390808,7.008328276554525,6.892435668943986,8.368122389199659,0.1075643310560137,0.16828016160496162,0.4353116672069552,0.008328276554524727,0.41565564190949544,3.81403867943028,100.0,0.0,0.0821917808219178
157,276.2877363341063,277.7699562066725,1.4822198725661906,8.4,up,7.008412235990916,8.375127558125111,7.008412235990916,8.50156765203754,0.1015676520375397,0.15527291399601734,0.3973486569712951,0.024872441874888906,0.27476366589371537,49.318380955264224,12.601080434274111,0.0,0.0
158,277.7699562066725,279.37709067772414,1.6071344710516655,7.0,down,8.375216338647066,7.009542003118331,6.899602875639298,8.376103537251332,0.10039712436070225,0.1663219624536678,0.42614769524925106,0.009542003118331088,0.6467104933275323,3.559902356626818,100.0,0.0,0.07741935483870968
159,279.37709067772414,280.0,0.6229093222758593,8.4,up,7.009441600543566,8.367813201383743,7.008236155095236,8.495719154143774,0.09571915414377408,0.3969374219414708,0.6861486627998048,0.03218679861625695,0.2999926222758518,49.349455204952,11.87548137886044,0.0,0.0
