segment,direction,start_d,end_d,duration_d,pH_sp,IAE_pH_d,ISE_pH2_d,ITAE_pH_d2,ITSE_pH2_d2,mean_abs_error_pH,max_abs_error_pH,final_abs_error_pH,settle_time_0p05_d,settle_time_0p10_d,q_NaOH_max_m3_d,q_HCl_max_m3_d,q_NaOH_mean_m3_d,q_HCl_mean_m3_d,NaOH_volume_m3,HCl_volume_m3,NaOH_sat_fraction,HCl_sat_fraction
0,initial,0.0,1.9567581112961003,1.9567581112961003,7.0,0.06168382660199331,0.011262027345334663,0.018770133746304735,0.0010275953441859506,0.0315234807234992,0.27254187070717606,0.007705692288892507,0.208333333,0.1875,1.1703685915321065,33.81314784375763,0.0747043781829004,3.1177408718675395,0.1462960739415133,6.100125671457291,0.0,0.0
1,up,1.9567581112961003,3.818156621971438,1.8613985106753377,8.4,0.15056428200748637,0.15807372248290813,0.018418290797129706,0.00738315573201194,0.0808877202511889,1.3923543701746937,0.00485066380497301,0.16824188870389967,0.1578252217038998,49.367706789331486,1.4446374333919398,3.555070974196792,0.12023131403416913,6.627221752587303,0.21873110132742374,0.0,0.0
2,down,3.818156621971438,5.095955173367859,1.2777985513964207,7.0,0.1904017618736002,0.1978753508526276,0.022684635079232206,0.01199830820946383,0.14900765200079685,1.3952514230369921,0.009978093225346818,0.2860100450285623,0.18184337802856199,0.2888322749327977,100.0,0.0117411493875121,12.275811304700255,0.013539012743058805,15.721003506681793,0.0,0.0975609756097561
3,up,5.095955173367859,5.914398024677552,0.8184428513096931,8.4,0.11471002963863614,0.11426238125086279,0.008953738526783073,0.004936317420711211,0.1401564317594982,1.3900991086375605,0.010381808826682715,0.14362815963214093,0.14362815963214093,49.290426636170594,3.657345534429659,7.8202091950673776,0.5989995109045206,6.351726129043987,0.4793073741999146,0.0,0.0
4,down,5.914398024677552,7.726811736070119,1.8124137113925674,7.0,0.23556291517023698,0.2546187913583933,0.03631442125355791,0.0183765246216833,0.12997193394064666,1.3896136177281093,0.009553443307143361,0.32518530832244785,0.21060197532244818,0.4212176675432257,100.0,0.019366329542217273,8.867542542494048,0.03290763006620547,16.06518339982423,0.0,0.06896551724137931
5,up,7.726811736070119,8.867305897050882,1.1404941609807624,8.4,0.12346496160836967,0.1108799523320817,0.016699421073899226,0.004192937614084406,0.10825567182404211,1.3905526917401332,0.017599823406133197,0.1377715969298805,0.1377715969298805,49.30650988124417,6.181507866661506,5.933200478238607,0.6996116230202238,6.794312569253825,0.7944008586713802,0.0,0.0
6,down,8.867305897050882,11.187295028026094,2.3199891309752125,7.0,0.1253584257921655,0.0904993521476953,0.03459213716115993,0.003975367235698116,0.05403405736623895,1.3824329390690604,0.009160482768772127,0.32019410294911843,0.13269410294911843,0.0,100.0,0.0,7.3347545173675135,0.0,16.433561135189986,0.0,0.05405405405405406
7,up,11.187295028026094,13.57035001186875,2.3830549838426567,8.4,0.20571719813114595,0.18837706759148742,0.06432349878137515,0.010712527106708548,0.08632499020204253,1.3910015211303204,0.015418720468149516,0.2189549719739059,0.16687164197390558,49.32242456818391,8.865293345583256,3.435956434711221,0.500904376710464,8.190820520329893,1.187640314598187,0.0,0.0
8,down,13.57035001186875,16.298093720335366,2.7277437084666154,7.0,0.2124984608776273,0.19080239675129548,0.058136510820369997,0.011554374104705644,0.07790264907148554,1.3848447733706326,0.008069429732527666,0.6067333181312495,0.3150666581312489,1.0305075241619095,100.0,0.051255692789078,7.069836437578217,0.1345180963959783,19.287548449489027,0.0,0.04580152671755725
9,up,16.298093720335366,18.297763543090745,1.9996698227553793,8.4,0.21786013843423108,0.2067909495334481,0.0586586428241501,0.013352555627057039,0.10894805530146864,1.3920942516949193,0.019224239664142218,0.24357294966463527,0.18107294966463527,49.361170838426645,10.37106317688809,4.012761040723923,0.698685960174227,8.01953327546494,1.3901584209969582,0.0,0.0
10,down,18.297763543090745,20.347433097131635,2.0496695540408894,7.0,0.23068698009543379,0.22789559522901892,0.047013581886761344,0.015965401012505702,0.11254837622027329,1.3812864620217429,0.008656318788322181,0.629319786909253,0.337653126909256,1.9444672775825629,100.0,0.15930238730468468,8.818642849717232,0.3209129641324089,18.089283433068044,0.0,0.06091370558375635
11,up,20.347433097131635,21.56059095521877,1.2131578580871363,8.4,0.13019775548769735,0.10511597336732532,0.025095010192607594,0.00457483362330539,0.10732136351405125,1.391444821418288,0.025570362349455422,0.2046502328683637,0.13173357286836662,49.33814320305396,10.534384061131032,5.97524690375124,1.1139511802625486,7.213826192421153,1.338717752008956,0.0,0.0
12,down,21.56059095521877,24.390649715286827,2.830058760068056,7.0,0.21261231338082498,0.20456765970929103,0.05294496643928616,0.01266895846436125,0.07512646605815075,1.375058085555299,0.007112150475272472,0.5748257147812303,0.17899237478122743,2.516783797841127,100.0,0.1375636750645457,6.3651600143229565,0.3834999297379521,18.02844079940439,0.0,0.04411764705882353
13,up,24.390649715286827,25.78847660363983,1.397826888353002,8.4,0.24862612825021557,0.2649396583650561,0.04522372181820963,0.020571345554969866,0.17786617951179978,1.3931044931190586,0.025278494650283534,0.2968502847131731,0.21351695471317456,49.39699219137332,12.32489055533038,5.284800490389836,1.1922600083135317,7.370297952080272,1.6580170164722643,0.0,0.0
14,down,25.78847660363983,28.317539850249812,2.529063246609983,7.0,0.23889379982055534,0.24365423442906978,0.05171164668723176,0.01766518973206502,0.0944594011797745,1.3755270515369613,0.007524569156563743,0.617773396360171,0.3469400663601725,3.433372856797193,100.0,0.21059336163433068,6.9270120816449126,0.5266617060191889,17.52810810182398,0.0,0.04938271604938271
15,up,28.317539850249812,29.85594555969057,1.5384057094407595,8.4,0.18094625510757562,0.16335389545238338,0.04109165597456784,0.009043215307240194,0.11761933409188471,1.3925619808192051,0.023853782694621017,0.2449601497501881,0.19287681975018955,49.37775567611409,12.7127489670428,4.950521763302776,1.0689768247325115,7.6255955583126775,1.6421147007488097,0.0,0.0
16,down,29.85594555969057,32.195212585345345,2.339267025654774,7.0,0.1389471904886766,0.10597809247473812,0.03666333020886274,0.005093889169980644,0.05939774680053232,1.3763201103004068,0.007597239079371931,0.5607211103094301,0.27947111030943006,3.6103602062286537,100.0,0.2020513009012444,7.530978644138332,0.4649942045234788,17.566308763290507,0.0,0.05357142857142857
17,up,32.195212585345345,33.02557564920001,0.8303630638546622,8.4,0.16189840188252427,0.16285696020837306,0.018352402997148024,0.008013435349416089,0.19497302918432946,1.3925391464565227,0.030524118777556453,0.24228741465465475,0.19020408465465266,49.37694601047832,12.66895118180965,8.10435170678296,1.972039576601692,6.7470956187781175,1.637391566488141,0.0,0.0
18,down,33.02557564920001,34.19542469007696,1.1698490408769544,7.0,0.2344795925513555,0.26006369055996453,0.029753918426240904,0.020348106395207025,0.20043576936694538,1.3704736117764433,0.009727745348753203,0.40150768079999466,0.23484102079999047,3.966834089754191,100.0,0.5783582154969865,13.060267763592446,0.6682204478721367,15.228343195625074,0.0,0.10714285714285714
19,up,34.19542469007696,34.9103586089267,0.7149339188497379,8.4,0.15859619321373464,0.16317134283503593,0.015613526651433934,0.007937361431837823,0.22183335974449378,1.393389137534185,0.03151540537458075,0.24207530992303816,0.15874197992303607,49.40708517292694,12.35936373218428,9.205129699378363,2.2696057226465345,6.609695736112301,1.6226432401988558,0.0,0.0
20,down,34.9103586089267,37.71162370900559,2.8012651000788935,7.0,0.23206128995142727,0.24003028275572003,0.05267925181206809,0.017903738540104696,0.08284160251198347,1.3692371021485936,0.007149017614338504,0.39172472107330236,0.22505806107329818,3.8802252065614513,100.0,0.23196393225878226,6.02257574660643,0.6434910248921202,16.870436386114044,0.0,0.04460966542750929
21,up,37.71162370900559,40.60645208477018,2.8948283757645896,8.4,0.17810048340550635,0.12248941943315149,0.0946751869323118,0.007077570919859443,0.06152367611722957,1.3928985058759693,0.01496927087080202,0.22587629099440676,0.17379296099440467,49.38968825237329,13.546584794218498,3.2286619956631215,0.595773068959078,9.343246591857147,1.7199367750046082,0.0,0.0
22,down,40.60645208477018,43.4740344956752,2.8675824109050154,7.0,0.1581505141966938,0.10947942815553348,0.05690924901971488,0.005882486545641236,0.055151166221158794,1.3851391566501974,0.006404948958278922,0.810214585229815,0.27896458522981504,3.4565430019452887,100.0,0.15531360421411725,7.109643786230279,0.4384883207119662,20.35973499072791,0.0,0.04363636363636364
23,up,43.4740344956752,44.030735423180246,0.5567009275050481,8.4,0.11100747173962733,0.10290182942421537,0.008896844161474364,0.003841340977579817,0.1994023473916715,1.3937124540782202,0.032119663117830655,0.2030488343248038,0.13013217432479962,49.41854939896306,12.099828940903231,11.689623707806724,2.786186348962365,6.447314917104832,1.5317749333456363,0.0,0.0
24,down,44.030735423180246,45.71794886172648,1.6872134385462303,7.0,0.23610936090701531,0.25894984734086307,0.03367277084904359,0.018893170213067252,0.13994042218538544,1.3681408998702995,0.008446962147352188,0.39634790681975574,0.22968124681975155,3.819027859675165,100.0,0.3882301368271243,9.18754781200556,0.6488068509823062,15.497786841689656,0.0,0.07407407407407407
25,up,45.71794886172648,46.90911385020053,1.1911649884740498,8.4,0.14393839843324258,0.12254005557708851,0.02599631881076353,0.005004981113593161,0.12083833879103167,1.3918931511631136,0.026943535167180954,0.21955113827352335,0.16746780827352126,49.35404017346336,12.726449557861766,6.043152835717425,1.3590317044148164,7.232645499979566,1.621806638177189,0.0,0.0
26,down,46.90911385020053,47.4860031549956,0.576889304795074,7.0,0.21469786013364567,0.24223812222750066,0.02216853568168558,0.018190412897451106,0.37216474347693423,1.3739280422424098,0.052472023141485025,,0.3513028197994714,3.775943750359162,100.0,1.0451744619826353,24.7092516247514,0.5912481853623341,14.156342076680488,0.0,0.21818181818181817
27,up,47.4860031549956,48.18678663399923,0.7007834790036327,8.4,0.09718907403992454,0.07537993541930825,0.010401508909922065,0.0024908494358546513,0.138686308898302,1.343115727021953,0.03138511806402988,0.19108017500440155,0.11816351500439737,47.48249443294752,11.383588058034748,9.176419022985081,2.0388515924838355,6.396875783072655,1.4229485072543435,0.0,0.0
28,down,48.18678663399923,50.78100295774003,2.5942163237407954,7.0,0.20530634189581493,0.20149367425798392,0.04599510486098267,0.012043681717891233,0.07914002391279702,1.3691947380056906,0.007711424237419884,0.37571336600076677,0.17779669600076886,3.208363530790521,100.0,0.18902241847843793,6.57157167917655,0.4837785791440167,17.03911272148606,0.0,0.04819277108433735
29,up,50.78100295774003,53.32308304645891,2.5420800887188832,8.4,0.25905366805551405,0.2444218600472737,0.08948160628774829,0.017536617632407187,0.10190617880417283,1.392456851871196,0.017211776393072142,0.2814970422599714,0.22941371225996932,49.37402799175908,12.738534794529183,3.4685446219388756,0.6655506025001922,8.845569575790401,1.6926392787525806,0.0,0.0
30,down,53.32308304645891,55.94733484937287,2.6242518029139603,7.0,0.19619575349023344,0.1686090053127351,0.055186105935275995,0.010826141947708453,0.07476254880434047,1.3830982440441026,0.006938094834712416,0.8123336235410861,0.31233362354108607,3.174576855850158,100.0,0.1714938319338543,7.486171406020734,0.44193956583592753,19.566634543352638,0.0,0.04780876494023904
31,up,55.94733484937287,58.41568835645697,2.468353507084096,8.4,0.20089907121824238,0.1649065432022539,0.07809799972011493,0.009141147101050445,0.08138991057871915,1.3931923515982438,0.01743573059177983,0.22974848062712994,0.15683182062712575,49.4001074958115,11.862985951030714,3.566589733046449,0.6273286959013531,8.79857704472571,1.5421332642726369,0.0,0.0
32,down,58.41568835645697,61.14536050124404,2.7296721447870738,7.0,0.2562179945466981,0.24861647497227893,0.06611496321909409,0.018131728893651576,0.09386401771216528,1.3831221475367421,0.007153549138824822,0.8447283135430297,0.3447283135430297,2.73873225489406,100.0,0.16320121083293598,7.280286763122405,0.43896193758723967,19.862364656430714,0.0,0.04580152671755725
33,up,61.14536050124404,63.53897566701495,2.3936151657709104,8.4,0.27133281059231557,0.26617493889651483,0.08499974540769922,0.020330995807779573,0.11335690652048803,1.393079398800812,0.018197947102041923,0.2817228287559601,0.20880616875595592,49.39610239175772,11.628875190428406,3.6104733978782986,0.6630826658416458,8.6436446564238,1.5818842480005904,0.0,0.0
34,down,63.53897566701495,65.0610924085894,1.5221167415744503,7.0,0.24489988018680764,0.2481442739278326,0.044528825204487824,0.018294820493742172,0.16089428195467292,1.3823848349571328,0.009502812447440334,0.6589410029850455,0.34644100298504554,2.668102422704476,100.0,0.2871311244307099,11.845686204674701,0.43023071749215885,18.007686072598823,0.0,0.0821917808219178
35,up,65.0610924085894,67.7812635710963,2.720171162506901,8.4,0.22018554253100395,0.1866434730770497,0.09110186469002729,0.011487761776189629,0.08094547341943059,1.390485317551029,0.015950851472052108,0.23057426141059523,0.16807426141059523,49.29875047942083,9.995085102210668,3.3352381441967576,0.4913316540864195,9.096002210813927,1.3332976089335689,0.0,0.0
36,down,67.7812635710963,69.63328761086689,1.8520240397705834,7.0,0.256311841619726,0.25028603889109396,0.0583025945288665,0.020825615189728763,0.13839552625433318,1.3845585863999172,0.00991780267608977,0.8749864289036964,0.3541530989036943,1.7940854000348123,100.0,0.1773329526434088,10.510592148869751,0.32053906549747563,19.37040499736418,0.0,0.06779661016949153
37,up,69.63328761086689,70.2789785920852,0.6456909812183085,8.4,0.24267980748165205,0.2869306453988975,0.025475065100818463,0.022516026478699512,0.37584512489822414,1.3904679817987633,0.032134264067755325,0.2833790591331109,0.2208790591331109,49.30350621832222,9.291456345185493,9.980240197894013,2.0878702443876866,6.439224836673273,1.3399169115068867,0.0,0.0
38,down,70.2789785920852,72.57580043289028,2.2968218408050802,7.0,0.2445840310674839,0.25996359147922093,0.047143054189262255,0.0196388486879465,0.10648802912016567,1.3682004511246788,0.008390888279476094,0.3981047379148066,0.2106047379148066,2.385788034023067,100.0,0.17917192749755725,7.21049112571997,0.40612175029339637,16.592500564117593,0.0,0.05429864253393665
39,up,72.57580043289028,74.21269206480763,1.6368916319173508,8.4,0.16972869419315262,0.14424111688434232,0.043746056902177116,0.007847984862908875,0.10368963398899121,1.3917590574891756,0.02318170632436356,0.22628289710972638,0.1533662371097222,49.34928545176291,11.67016018040894,4.7550669568841535,0.9245210452169823,7.770009783560484,1.5053262402251197,0.0,0.0
40,down,74.21269206480763,76.74978567778085,2.537093612973223,7.0,0.17124838050386496,0.1462031813134434,0.04386645976579734,0.007810177814195159,0.06749785645598579,1.377156692676916,0.007177569879400103,0.5789746051923714,0.2977246051923714,3.010285951872169,100.0,0.16407764723176924,7.201098890897276,0.4088155757116087,18.221428385997797,0.0,0.04938271604938271
41,up,76.74978567778085,77.79058955002198,1.0408038722411277,8.4,0.09742946136911328,0.06274492671273028,0.018312942894084337,0.001962006356285962,0.09360981830257964,1.3928965506181257,0.028122752563708886,0.17729765221915272,0.10438099221914854,49.389618922429335,12.133617983993744,6.804494716859508,1.4560341580792493,6.82421737637265,1.5167022479992178,0.0,0.0
42,down,77.79058955002198,80.77020506413098,2.9796155141089997,7.0,0.23881119191558803,0.24219833727397944,0.05817120498763944,0.017004956112365435,0.08014832477035219,1.3727847676001055,0.006985085333517382,0.605243779978025,0.34482711997802085,3.519296215636468,100.0,0.1882833389648262,5.940074317994157,0.5543671661165246,17.690928367772365,0.0,0.04195804195804196
43,up,80.77020506413098,81.34282716792399,0.5726221037930088,8.4,0.22431942617423947,0.2630334885175035,0.02129726988093469,0.01854179361848944,0.39174077404341057,1.3931693319574192,0.03151947105886066,0.2922949358690232,0.24021160586902113,49.39929126054438,13.239171177180522,11.12795459845771,3.082049039031583,6.369653410050706,1.7602142204790698,0.0,0.0
44,down,81.34282716792399,83.98606973807371,2.6432425701497237,7.0,0.15576562869927857,0.14157233928110396,0.03516943493393937,0.006388034735048263,0.05892975183524506,1.3683161739255372,0.00660018206563695,0.3238395020760123,0.1675895020760123,4.502525227264866,100.0,0.27105012609136125,6.1410147557986585,0.7114162133010382,16.243170798246176,0.0,0.047244094488188976
45,up,83.98606973807371,84.71423961161781,0.728169873544104,8.4,0.10113370762048662,0.08025008586533403,0.01133943824410445,0.0026276621872636883,0.13888751965012616,1.3934376579002974,0.031291939536487234,0.20143026192629065,0.15976359192629275,49.40880561827603,14.166525603904526,9.156838069058988,2.4420715834020306,6.670344180378905,1.7757464499371949,0.0,0.0
46,down,84.71423961161781,85.87103686590737,1.1567972542895575,7.0,0.14726058018134086,0.1418579959653865,0.01619479502235172,0.006821978295404051,0.127300250441708,1.3690376888641946,0.0054246413464769105,0.33784371838218874,0.29617705838218455,4.90545000825717,100.0,0.6945893456322739,13.13992298566942,0.7966020192440466,15.185129184058876,0.0,0.10810810810810811
47,up,85.87103686590737,86.92814096687025,1.0571041009628743,8.4,0.09725856497468267,0.06116525289239308,0.01933155756135143,0.002149299469628651,0.09200471825442139,1.3951124912517434,0.027991205932471175,0.19146313409262916,0.13937980409262707,49.46819221159466,13.64694737935344,6.700721828666469,1.6055232211004047,6.85530318446234,1.7058684224191802,0.0,0.0
48,down,86.92814096687025,87.73329946098345,0.8051584941132006,7.0,0.19049149453615843,0.20233592438172668,0.02107646791111326,0.01363941359805078,0.23658881565419645,1.372715155790452,0.019277434242865432,0.5822757031297527,0.33227570312975274,4.334335539222341,100.0,0.8759787207769033,18.76921565075941,0.6952500880996301,15.054475053213277,0.0,0.15584415584415584
49,up,87.73329946098345,90.63787746678156,2.9045780057981148,8.4,0.14899302781577708,0.08126876011285321,0.09215402191558279,0.004600093580076294,0.05129592922564221,1.3789113131541333,0.014787667050100595,0.1937838690165563,0.12086720901655212,48.837333068388304,12.25284920889345,3.209174100864647,0.5270042670491806,9.319455607389788,1.5316061511116812,0.0,0.0
50,down,90.63787746678156,91.20620320851144,0.568325741729879,7.0,0.24777931614466234,0.2886896909786283,0.02803334507265346,0.024877598703078443,0.435981160013037,1.3857855236554943,0.054986182670909045,,0.37253920321843736,2.7587264368427897,100.0,0.8411614774897157,25.49860400791536,0.4667377068168334,14.335409051904305,0.0,0.2222222222222222
51,up,91.20620320851144,93.15775625488423,1.9515530463727941,8.4,0.1690214551549223,0.12954840602244075,0.05476122709821296,0.006629509139830097,0.08660869120061576,1.3395096971565223,0.02072674011602338,0.21046346148855832,0.14796346148855832,46.75903625573139,10.42874600076863,4.00342343719042,0.6965305166852231,7.833580928861499,1.3564832211248272,0.0,0.0
52,down,93.15775625488423,94.55278446615652,1.3950282112722903,7.0,0.25605921959225025,0.24862224445189807,0.05524552949423241,0.02054660454626763,0.1835512841412144,1.3799329851367172,0.01442776820188385,0.9151604151157642,0.3526604151157642,1.594391392691492,100.0,0.2167917330103259,13.796939920486011,0.2961484834260151,19.2462494776144,0.0,0.08955223880597014
53,up,94.55278446615652,95.55815519811291,1.0053707319563898,8.4,0.18363778480724247,0.18793941041005005,0.02584341469165679,0.011894971548038508,0.18265678417939876,1.3877897573517401,0.028967817889657965,0.2180488638434781,0.17638220384347392,49.20854117244821,7.447154081211345,6.942127272572438,1.0746441509193778,6.935579247032907,1.062664989522053,0.0,0.0
54,down,95.55815519811291,96.73879138708686,1.1806361889739492,7.0,0.2003816934262613,0.2040245791404398,0.02724833996335827,0.012977245440471708,0.1697234891642668,1.3717535271844667,0.011929686120127236,0.3897614718870841,0.18142813188708828,1.3300441040400723,100.0,0.20799869253238656,13.560355716912238,0.23828376879546487,15.951993419676358,0.0,0.10619469026548672
55,up,96.73879138708686,99.4135193386922,2.674727951605334,8.4,0.14842480838990793,0.08751854147969516,0.08117194157396868,0.004276591701998305,0.05549155318798888,1.388380782973738,0.015918763590176965,0.16745861291313702,0.11537528291313492,49.229497883290016,8.456145955612646,3.3968618317518815,0.4020677381128682,9.087270858310447,1.0666935456083793,0.0,0.0
56,down,99.4135193386922,102.22413036883144,2.810611030139242,7.0,0.2688679090306189,0.2511083336809471,0.07972839267297234,0.019425489041018554,0.09566172840974682,1.3845895827732377,0.008198676426303564,0.8781473613077964,0.346897331307801,1.230977118774227,100.0,0.08652491440924141,7.557089124090547,0.23693997646082732,21.246382061431913,0.0,0.044444444444444446
57,up,102.22413036883144,102.79620275529123,0.5720723864597943,8.4,0.11272162374906085,0.10510027333169682,0.009260341075287674,0.003991993105613591,0.1970408403150272,1.3919047094264254,0.032075857914138695,0.1925363311685544,0.1300363311685544,49.35445000879544,10.040143574718522,11.303340771469479,2.245949469624342,6.469527873776579,1.2788108233017303,0.0,0.0
58,down,102.79620275529123,105.20152991820213,2.4053271629108934,7.0,0.21666168363276497,0.22073124704348496,0.04556181194143909,0.015321220573678586,0.0900757647332116,1.3681803516674318,0.00841015573477133,0.3808805447087735,0.19338054470877353,2.749350830069885,100.0,0.1850712876580816,6.901685354250616,0.4389833021113,16.60090990025558,0.0,0.05194805194805195
59,up,105.20152991820213,106.73221826329308,1.530688345090951,8.4,0.16696048478958314,0.14354232239284664,0.03974444698310105,0.007597090183649948,0.1090754269639798,1.3917429529338703,0.024054494565907802,0.2255533817978801,0.15263678179786666,49.348714413052896,12.181475677644208,4.992664368763369,1.0271665688574103,7.63849724918583,1.566578285021472,0.0,0.0
60,down,106.73221826329308,107.2809162715536,0.5486980082605157,7.0,0.11862959611205949,0.10579403388404951,0.011194975376626315,0.004653898222121075,0.21620198055418396,1.3761227364478046,0.056151096498831876,,0.2781984367069157,3.330084666745209,100.0,0.7925553959921365,26.743679000671325,0.42278073228385155,14.44222919608105,0.0,0.23076923076923078
61,up,107.2809162715536,107.96063984474142,0.6797235731878288,8.4,0.21298648173595927,0.23983231633600502,0.02143504020760505,0.016071804059244212,0.3133427913012875,1.3928769368168599,0.03191335358345704,0.2711670284464134,0.19825042844639995,49.3889234521378,10.825839942714774,9.49387752737776,3.118505002983836,6.520715842327605,2.100041926935467,0.0,0.0
62,down,107.96063984474142,110.38298580118744,2.422345956446023,7.0,0.1602103445064492,0.14270567353968783,0.038570585050591175,0.007615034726503356,0.0661385067975608,1.3681969199625978,0.008122980291314974,0.34144345525858455,0.15394345525858455,2.8943051971117018,100.0,0.17108602479250956,6.912948685561029,0.4071329355039592,16.700194778835332,0.0,0.05172413793103448
63,up,110.38298580118744,111.62803577253128,1.2450499713438319,8.4,0.2592769188979985,0.2843612827592467,0.04229406169643325,0.022566710338172966,0.20824619482393192,1.392029514780349,0.027227316663067214,0.30451419881255504,0.2524308988125483,49.35887538329078,12.409664966329103,5.761113997879619,1.3482894917603505,7.194844552737295,1.6792639087102117,0.0,0.0
64,down,111.62803577253128,113.3227731163029,1.6947373437716209,7.0,0.27282266777809755,0.30162877912254593,0.04488662414771081,0.027380639282959685,0.16098227184333677,1.3739354380218316,0.008785912552954578,0.6532142274687232,0.38238092746871644,3.5910935624309026,100.0,0.3603156124258616,9.687697693461697,0.6014845675424734,16.34125191708889,0.0,0.07407407407407407
65,up,113.3227731163029,115.89127168060428,2.568498564301379,8.4,0.20235922804816292,0.1642502731415503,0.08248733901392874,0.009100899612842994,0.07878502673144526,1.3918358563692381,0.016821596138239414,0.22931018369710898,0.15639358369709555,49.35200860260873,12.090416110835324,3.4696290853250957,0.6135766681443489,8.920632479671804,1.5719436088727754,0.0,0.0
66,down,115.89127168060428,116.39152913393944,0.5002574533351662,7.0,0.24490234161177948,0.28750215972338267,0.025884376574017258,0.023735838783904405,0.48955260931954164,1.3838316813393359,0.01868823168237288,0.43164501939571664,0.36914501939571664,2.786683635476032,100.0,0.9540342240585825,28.505357295293738,0.470583049738613,14.245240778253637,0.0,0.25
67,up,116.39152913393944,117.07361516983488,0.6820860358954377,8.4,0.2191597180205834,0.24418081470873174,0.023355042902098153,0.01795735619936779,0.3213080263883017,1.3749621070689875,0.031683501799760094,0.2751375660605504,0.2126375660605504,46.81638954939495,10.373958644696486,9.001094009793196,2.102550758597948,6.181988270429422,1.4380657295400436,0.0,0.0
68,down,117.07361516983488,118.60858664461932,1.5349714747844416,7.0,0.17784081243489663,0.1633898533848952,0.03142448083372025,0.009889619824543687,0.11585935983590255,1.3684179382600767,0.010278393845180034,0.5930515301651127,0.3118015301651127,2.197183700312275,100.0,0.21208772834959796,11.138867108808636,0.31849543264283053,17.048428314901628,0.0,0.08163265306122448
69,up,118.60858664461932,120.41175308919476,1.8031664445754387,8.4,0.13156645306076842,0.08590416950913406,0.04601068321916587,0.003986975818345726,0.07296412012133809,1.3897445115488685,0.0215769735227358,0.18308005538067107,0.12058005538067107,49.27785325800139,9.703219659898528,4.44864197556682,0.6818921625607214,8.010349285967367,1.2208645048627729,0.0,0.0
70,down,120.41175308919476,122.65911533704735,2.2473622478525925,7.0,0.24830847000085418,0.24688167330203625,0.055063951156505794,0.018706938354703162,0.11048884986749188,1.3791168210963765,0.00866901001409115,0.650746910805239,0.34866361080523234,1.9611027868901056,100.0,0.15498958513060096,8.287665043495158,0.34225220950422197,18.63981510228063,0.0,0.05555555555555555
71,up,122.65911533704735,125.2951879301992,2.6360725931518516,8.4,0.24711945994237516,0.2264862131321879,0.09259537902518347,0.017093515325742215,0.09374531664429765,1.3915602420107067,0.016606890654914608,0.26796796295265324,0.1950513629526398,49.34223581070155,10.638846315332003,3.4020997788385703,0.5497256344915983,8.95952288790386,1.4413247585293596,0.0,0.0
72,down,125.2951879301992,128.08194332371724,2.7867553935180354,7.0,0.2468290484088133,0.2296928242372187,0.0704526290787142,0.017258579926884902,0.08857219725238001,1.383866621729803,0.007516947464660362,0.8506453698008016,0.3402287698007882,2.110270549519602,100.0,0.12719844505442415,7.352310313089366,0.3473430632604897,20.44141302504662,0.0,0.0449438202247191
73,up,128.08194332371724,130.60259116627105,2.5206478425538137,8.4,0.18784633991575406,0.1456107642660251,0.07881241978520967,0.00775367062187649,0.07452303996794574,1.3926383315428188,0.017038075536113695,0.22013997628275206,0.14722337628276705,49.380462936134265,11.006418996505314,3.5227627404564235,0.5686227544052237,8.87386143977727,1.426203114082667,0.0,0.0
74,down,130.60259116627105,133.18305322924678,2.5804620629757267,7.0,0.17107905341597113,0.12947361937391652,0.0528754510594529,0.006356152488191974,0.06629783706980248,1.3831472861870058,0.007625861081720586,0.5953255337289534,0.28282553372895336,2.317789953780055,100.0,0.12211704532928089,7.721726810977567,0.3090326495923996,19.940676426008412,0.0,0.04838709677419355
75,up,133.18305322924678,135.7808635381775,2.5978103089307183,8.4,0.21767042879138634,0.18587386779649162,0.08598981954043286,0.01185643071557249,0.08378996266320209,1.392570047962864,0.016736078176762703,0.2440300707532117,0.1711134707532267,49.3780417225911,11.111300321401323,3.448360635761291,0.568414957129543,8.937755989901508,1.4672084593711134,0.0,0.0
76,down,135.7808635381775,138.0333011827567,2.252437644579203,7.0,0.2702569868954974,0.26932917837123527,0.06243790890310145,0.020828847035629972,0.11998422577686335,1.3838565948047048,0.00838520306294388,0.8649697618224934,0.3545531618225084,2.3212454752845337,100.0,0.1795618851786222,8.658241719612063,0.39945526885150284,19.56370705395655,0.0,0.055299539170506916
77,up,138.0333011827567,138.64070875914678,0.6074075763900737,8.4,0.19840288921299726,0.22549819584550423,0.01948447202898682,0.015604866351253811,0.3266388121006644,1.3918405737119715,0.03216460435316826,0.2583655172433055,0.19586551724330548,49.35217587113978,10.533360548653135,10.653410763877044,2.3786479171669415,6.430093670668973,1.4295728538613457,0.0,0.0
78,down,138.64070875914678,140.80043479062974,2.159726031482961,7.0,0.25599621875615747,0.2790053073899751,0.04661121954886592,0.02317042743269156,0.11853180219362333,1.3681684742117977,0.00854618736970636,0.4113745408532168,0.22387454085321679,2.9961286987465665,100.0,0.24363807582017272,7.510998803383322,0.5190025612246458,16.189327305386357,0.0,0.057971014492753624
79,up,140.80043479062974,142.1815416111943,1.381106820564554,8.4,0.20601737540881376,0.20387467420841576,0.03841645151962199,0.01222203483059816,0.14916831366063357,1.391647177409908,0.025592015434494186,0.2516485093702556,0.17873190937027061,49.34531838437547,12.212321533661354,5.357682955231588,1.1651622029264472,7.41608992324617,1.607971230806292,0.0,0.0
80,down,142.1815416111943,143.60934501085745,1.427803399663162,7.0,0.20150964888501505,0.20408698990979168,0.03013722081389859,0.013300827438945152,0.14113262997731613,1.3750573215494644,0.008703392379810992,0.5997083888057091,0.3288750888057166,3.4149803799258542,100.0,0.3546939173967828,11.413098692427539,0.4996444403040641,16.27968631051841,0.0,0.08759124087591241
81,up,143.60934501085745,144.70232622238797,1.092981211530514,8.4,0.11335709896055007,0.08354237342622108,0.021195528848866666,0.003208627109362817,0.10371367573813538,1.3917467694034116,0.027693987687236188,0.19273828914253954,0.11982168914255453,49.34884973823278,11.531035039819598,6.525024564510995,1.3320162369579038,7.130188536370156,1.4491360943964908,0.0,0.0
82,down,144.70232622238797,147.0491471738477,2.3468209514597334,7.0,0.1770744521036736,0.16390193915706705,0.0380713453754118,0.009194470669178997,0.07545290235862795,1.3728103252599055,0.007308511767605275,0.5580904776120406,0.30809047761204056,3.207402250514216,100.0,0.19344317158956226,7.314872295187703,0.4468253103835572,17.138112271466504,0.0,0.05333333333333334
83,up,147.0491471738477,148.76665982837488,1.7175126545271837,8.4,0.21410016978184315,0.20415799436058388,0.051110661523304186,0.012774905793329372,0.12465711342358818,1.3928591444346594,0.02279048549459617,0.2633528261522997,0.2112695261523072,49.38829256610666,12.464361974360475,4.56407955651428,0.9563470281322397,7.838013949605923,1.6376017450563367,0.0,0.0
84,down,148.76665982837488,150.706856409019,1.9401965806441126,7.0,0.2668573595560589,0.28472623802473396,0.048562247280938664,0.02377574895873737,0.13754140287551003,1.378100940147645,0.007915709861980424,0.6604234716251085,0.3687568716251235,3.3470553189312904,100.0,0.2830136389749435,9.005227966088265,0.5418410957747024,17.44089365694727,0.0,0.06451612903225806
85,up,150.706856409019,152.26264953292952,1.5557931239105187,8.4,0.16802774898543238,0.14423555712830968,0.03999909435471978,0.006908891101926574,0.10800134439667088,1.3923563272232826,0.023776905051912323,0.2202268909809959,0.1473102909810109,49.37046356764549,11.745354357953504,4.920103907879525,0.9741145797297526,7.681156532100686,1.5153184603711938,0.0,0.0
86,down,152.26264953292952,153.04344437303962,0.7807948401101044,7.0,0.2530769751924264,0.28413824626527573,0.032943663818444865,0.024648256322541848,0.3241273663600781,1.3771545406864227,0.021524528537375964,0.6540171670704922,0.3727671670704922,3.0466469718943414,100.0,0.6540142077935469,19.774976412741893,0.5044427342399539,15.44007216015784,0.0,0.16
87,up,153.04344437303962,154.66433564688782,1.6208912738482013,8.4,0.2098575148197881,0.20012433991063588,0.0480228925771148,0.013682021894285627,0.129470445183877,1.3769650855751943,0.0235563145150941,0.24822232696038782,0.18572232696038782,48.59355322171608,10.138678701714149,4.71810322605928,0.8640807246695724,7.611273513487321,1.3860021159885003,0.0,0.0
88,down,154.66433564688782,157.6587104599824,2.9943748130945664,7.0,0.25010383087633703,0.2456312402814322,0.06673856030104525,0.017935185064844938,0.0835245573742536,1.3772033480910242,0.007168387621768524,0.6377476531121715,0.3460810531121865,2.198546234133403,100.0,0.12625857866607054,6.396425327214122,0.3722783325780025,19.18273055173401,0.0,0.041666666666666664
89,up,157.6587104599824,160.11723589507426,2.4585254350918717,8.4,0.24364681439881017,0.22544046957613,0.08506402815431094,0.016899221683095083,0.09910282436826016,1.393045805760714,0.017685132382704083,0.2683728400176051,0.19545624001762008,49.39491124267478,11.882451290553206,3.560312244708941,0.6467933389749101,8.745985876855531,1.5834881112898427,0.0,0.0
90,down,160.11723589507426,162.13755593758793,2.0203200425136743,7.0,0.13438955148956416,0.08892332147662035,0.03774564575398323,0.004329828281727462,0.0665189418812859,1.3823795094026252,0.008230274440218288,0.5806808049257484,0.26818080492574836,2.780699007322364,100.0,0.17200200045292974,9.306553465874655,0.3475873759152955,18.278961245641366,0.0,0.061855670103092786
91,up,162.13755593758793,164.14349983746183,2.0059438998738983,8.4,0.26376196485900116,0.2663499853245637,0.07017305603824477,0.022154753006386252,0.13149020013749252,1.3920677742955263,0.020847395169427685,0.2895273624120591,0.2166107624120741,49.36023199722879,10.998400259048688,4.077521421820326,0.7593728735963571,8.14857246325178,1.5115484844834524,0.0,0.0
92,down,164.14349983746183,166.5835931836938,2.4400933462319756,7.0,0.27743725906187505,0.28654766717620767,0.06214699701516156,0.02371228814283996,0.11369944493734116,1.3799656770454352,0.007805869582000469,0.6690001625381683,0.3669168625381758,2.511654820458303,100.0,0.18111960619301556,7.68668010744856,0.43689528086027174,18.809383669725957,0.0,0.05106382978723404
93,up,166.5835931836938,168.58091931974351,1.9973261360497077,8.4,0.16342568518126435,0.12480788879072222,0.05664607894247074,0.0069761294992915866,0.08182223335067657,1.3922997423640862,0.020412315184611174,0.2184901163061852,0.1455735163062002,49.36845716980407,11.290109765343104,4.138226370489953,0.7303416862817393,8.226874428303084,1.4461069700322078,0.0,0.0
94,down,168.58091931974351,170.5465329600398,1.965613640296283,7.0,0.18720232704326445,0.16747547019439948,0.03946047592525891,0.009169461223163535,0.09523861821341802,1.3799569837659504,0.008428050068959081,0.606580680256485,0.30449738025649253,2.650083440751654,100.0,0.1945575776537958,9.239663727901606,0.3765634016018413,18.183429818840732,0.0,0.06349206349206349
95,up,170.5465329600398,173.33934556098487,2.7928126009450693,8.4,0.23516661296555041,0.20601714768359536,0.09681717343681248,0.014349198208100655,0.08420422225464451,1.391714598106784,0.01568648277269169,0.2555503399601946,0.1826337399602096,49.34770900162895,10.965112029689914,3.285461632761655,0.526873075448317,9.165491559705318,1.4636958110150817,0.0,0.0
96,down,173.33934556098487,174.91100780414695,1.5716622431620806,7.0,0.1800310071259411,0.15006407890732054,0.03990162455338357,0.00830582364972898,0.11454815302028928,1.3845399209559268,0.010158043760964297,0.8169044390151328,0.29607113901514026,2.2181265006126574,100.0,0.20077267059953646,11.974596067108347,0.3093765147095529,18.826457788469117,0.0,0.07947019867549669
97,up,174.91100780414695,175.41225148091712,0.5012436767701729,8.4,0.19554099437669878,0.2262927268700337,0.01716610213491588,0.015086648817979291,0.3901116431766121,1.3904018653457966,0.031024060377335516,0.2556588958530597,0.19315889585305968,49.30116184722368,9.351667758709285,12.627367344685256,2.6126039654512,6.307853546235999,1.29771793076404,0.0,0.0
98,down,175.41225148091712,177.8681952715439,2.455943790626776,7.0,0.23090411330026386,0.24032386043938675,0.04889102516074846,0.01749256836861446,0.09401848453597357,1.3688439295684542,0.008581938711111903,0.3898318190828718,0.2023318190828718,2.459391370077292,100.0,0.16787317753507935,6.741460330700251,0.4068580273745704,16.566313089904224,0.0,0.05084745762711865
99,up,177.8681952715439,180.4152611622676,2.547065890723701,8.4,0.13029297479410612,0.06355119561896624,0.07555323108324197,0.0036013644124601504,0.05115414378113548,1.3914894996862701,0.016697778448929057,0.18388802845609575,0.11097142845611074,49.33972741447926,11.92991838880634,3.521881904731752,0.5867172978101479,8.688038052319143,1.4912397986007926,0.0,0.0
100,down,180.4152611622676,181.6476737862746,1.2324126240069972,7.0,0.2446014630303149,0.24897061373749638,0.04228622098472948,0.018125485895246887,0.19847367534668012,1.3838362464394294,0.011282049776294656,0.8555721377323948,0.3451555377324098,2.7075223803459907,100.0,0.35606492001880413,14.404592129916871,0.43493883849981085,17.84710111048073,0.0,0.10084033613445378
101,up,181.6476737862746,183.92783842782532,2.2801646415507264,8.4,0.2552343973011698,0.2467493189779676,0.07967227794712436,0.01978518934128276,0.11193682800360698,1.3884844464751458,0.01880594481392528,0.26899291372541256,0.20649291372541256,49.22436014625104,9.436243288573234,3.7264743824981412,0.5848424444213931,8.494574705296312,1.3255806091075648,0.0,0.0
102,down,183.92783842782532,185.3927536127322,1.4649151849068858,7.0,0.21805013255421185,0.2088344435419723,0.041730465412995375,0.014999383487951287,0.14884829838668903,1.38166745833181,0.010740446104810175,0.6554948721746712,0.33257827217468616,1.6928336516116955,100.0,0.19813283403144766,12.414715296451426,0.2824987365182873,18.09615123436182,0.0,0.08571428571428572
103,up,185.3927536127322,187.31030496044815,1.9175513477159427,8.4,0.2626469619503532,0.26779296269299874,0.0653087607695865,0.020985824238378557,0.1369699759347777,1.3893424404976207,0.021400285021726972,0.2634963872677929,0.2114130872678004,49.26359653808056,8.88477466625175,4.195616566463537,0.6696191052907772,8.035127790911183,1.2747946568687356,0.0,0.0
104,down,187.31030496044815,190.2032494684552,2.892944508007048,7.0,0.22708283666793258,0.2077013835643736,0.06513961424397587,0.013430597832652833,0.07849540011549345,1.379138708107396,0.007712813779844119,0.6271950395518502,0.3251117395518577,1.5925324692642666,100.0,0.09555586115009133,6.829176133027586,0.2702432197698766,19.769035002153938,0.0,0.04316546762589928
105,up,190.2032494684552,190.93975145588897,0.736501987433769,8.4,0.14579366611878722,0.14443131047938015,0.015116199985911561,0.006803797577619631,0.19795420597136937,1.392442891421652,0.031342411475590026,0.22383383154479475,0.15091723154480974,49.37353297920225,11.09697503229323,8.999425064304297,1.952571705464876,6.649310455354592,1.436968561854188,0.0,0.0
106,down,190.93975145588897,193.0832776327623,2.143526176873337,7.0,0.1858586416728984,0.18185765132825635,0.035921311236912876,0.011274356797179164,0.08670696149090273,1.3691709478147605,0.008322341097739994,0.3623318441110257,0.1748318441110257,3.212148650844383,100.0,0.2297592953938017,7.656622897393025,0.48411741353465737,16.343933456924518,0.0,0.05853658536585366
107,up,193.0832776327623,195.20257791205148,2.1193002792891775,8.4,0.1797532286886465,0.14358396810918236,0.06195777078312913,0.007115534279628783,0.08481725333841625,1.3918594388398073,0.019580481481199286,0.2292223672376963,0.14588906723770378,49.35284479481133,12.395188568795511,3.945789149323712,0.7522694360334782,8.378334481890175,1.5924258236817752,0.0,0.0
108,down,195.20257791205148,195.92873850067107,0.7261605886195923,7.0,0.17018226354426122,0.16717766266897785,0.020193858587153342,0.009414782161705573,0.2343589919521413,1.3807733901292085,0.033526013981766134,0.6099220879485188,0.30783878794852626,3.1359124294717,100.0,0.6085429491723232,21.5631458907066,0.43726173195662194,15.708769579193651,0.0,0.17142857142857143
109,up,195.92873850067107,197.75777714402545,1.8290386433543802,8.4,0.19867700860976936,0.17675736691997815,0.054133148036340326,0.01149407130801717,0.10862373484105511,1.3646561843242386,0.021831329715205072,0.23792819932893394,0.17542819932893394,48.12647900931802,10.075829345634403,4.294891007952076,0.7854279553271665,7.822755465659264,1.4174120774518992,0.0,0.0
110,down,197.75777714402545,199.2363848633194,1.478607719293933,7.0,0.2847728803044891,0.3062706133176691,0.04965065005740486,0.026864668683670618,0.19259528851944197,1.3790944775083336,0.010499181999738205,0.6797228559745463,0.3776395559745538,1.9241525423151205,100.0,0.25887824927985553,11.873351350734483,0.37645105995256845,17.55374443887435,0.0,0.08450704225352113
111,up,199.2363848633194,200.2156164627181,0.9792315993987017,8.4,0.11129794372685314,0.08604507115859024,0.017591550202544878,0.0030871034731965903,0.11365844790465889,1.3897184237367748,0.028718746928674932,0.1802818366806207,0.1177818366806207,49.27692823087195,9.158961417949198,7.136831767369595,1.187451114932381,6.981591279000527,1.153791392188606,0.0,0.0
112,down,200.2156164627181,201.3027156356805,1.0870991729624109,7.0,0.15405038944802543,0.1445285050406372,0.019304719336318953,0.006962981289765748,0.14170776068960556,1.3716941624475787,0.011542335945654791,0.35730023728191895,0.14896683728190396,2.1170484958086333,100.0,0.2779153329234351,14.310145339759675,0.29741340216947,15.642566360584524,0.0,0.11428571428571428
113,up,201.3027156356805,204.1401917917599,2.83747615607939,8.4,0.22188677426107736,0.18684416127025089,0.09744985243849999,0.013155400181759121,0.07819863923285393,1.390033129825511,0.015378763342939195,0.23895106431950808,0.17645106431950808,49.28808714557265,9.6621796998551,3.257409647109089,0.4650470711500117,9.222917229390443,1.308478263480745,0.0,0.0
114,down,204.1401917917599,205.9803348916395,1.8401430998796116,7.0,0.28733655096031835,0.29084971058606013,0.06449750935140924,0.02567183730215319,0.15614902502914957,1.3852174599418934,0.0102294511147214,0.9118915082401031,0.3702249082401181,1.603995499016295,100.0,0.1782794575377942,10.626669465947739,0.3222926047249291,19.584072755482097,0.0,0.06779661016949153
115,up,205.9803348916395,206.91445064228665,0.9341157506471518,8.4,0.11003301530785278,0.08652289226381424,0.01682521698753307,0.00359745668609548,0.11779376938203037,1.3898441556115566,0.029218067509269474,0.17591510836049906,0.12383180836050656,49.281386458138805,8.751348282036647,7.4682895313468896,1.199047388630855,6.917172363039027,1.102767720882861,0.0,0.0
116,down,206.91445064228665,209.74679189198895,2.8323412497022957,7.0,0.24187841417941294,0.24276055772620933,0.060024464924946994,0.017440289115806838,0.08539875419490378,1.3717097017561084,0.007766689435831253,0.40846605771335476,0.20013265771333977,1.9271821617195068,100.0,0.12203588664305401,6.391926259226265,0.3392138716116865,18.103743513555024,0.0,0.04411764705882353
117,up,209.74679189198895,210.6099078342744,0.8631159422854466,8.4,0.09255974709538368,0.06315251616204764,0.013743121079987304,0.002032426364907038,0.10723906553074958,1.3922987432805503,0.02984212181749335,0.18029140801104404,0.10737480801105903,49.36842174408987,11.617259943389094,7.938361065446464,1.6796038472369774,6.5996837605048215,1.4521574929236367,0.0,0.0
118,down,210.6099078342744,211.40588479387836,0.7959769596039621,7.0,0.1179530037951352,0.10395486497256523,0.011804619086775155,0.004206609887305991,0.14818645486148574,1.3703605409293722,0.017587514639083146,0.3275921657256049,0.1296754657255974,3.403443854371053,100.0,0.5859818152001887,18.696383066752787,0.457339337092483,14.788069293644508,0.0,0.15789473684210525
119,up,211.40588479387836,212.52690051218744,1.1210157183090814,8.4,0.22801061289918043,0.24494500598045432,0.03333835558589339,0.01657699623577972,0.20339644589739317,1.3948747983200578,0.02818827032747251,0.2711985061216353,0.1982819061216503,49.4597640456183,11.31124943495615,6.29827614425859,1.468548295752285,7.079004389722188,1.6388828651865393,0.0,0.0
120,down,212.52690051218744,213.11322999434424,0.586329482156799,7.0,0.22893967340965996,0.2617105039082122,0.023905844737443064,0.020133078786866345,0.3904624965599731,1.372818195599658,0.048084376475610036,0.4105994878125614,0.3585161878125689,3.083425185024813,100.0,0.8630411601000764,24.207612842563265,0.4968844041563156,14.119566260467154,0.0,0.21428571428571427
121,up,213.11322999434424,215.29630105390865,2.183071059564412,8.4,0.13516548991579186,0.07840957959224637,0.06070524080776532,0.003630386594232869,0.061915295575747965,1.3486160843904837,0.018912816351337014,0.17843670565576986,0.11593670565576986,47.70909514153836,10.389406347598932,3.791658733831764,0.5950895017590676,8.287805347244971,1.3002170442059013,0.0,0.0
122,down,215.29630105390865,217.70515570717325,2.408854653264598,7.0,0.24080106015267536,0.22855397157158439,0.06011410795886192,0.016710765417887814,0.09996496045385303,1.381627343966473,0.008342645534753501,0.6516156460913578,0.3391156460913578,1.9885184322841705,100.0,0.140816429232745,8.1247828123693,0.3323913585608231,19.542739179877838,0.0,0.05194805194805195
123,up,217.70515570717325,220.45009862661607,2.7449429194428205,8.4,0.19174566143911537,0.1460319576567315,0.08896409988579079,0.00821076043588752,0.06985415255120739,1.3918177628507733,0.015733792556265058,0.221927592826745,0.14901099282676,49.35136703882458,10.549259672178298,3.3308429097757437,0.5013868129487153,9.153397751783494,1.3712942250981484,0.0,0.0
124,down,220.45009862661607,223.1675145888736,2.717415962257519,7.0,0.20527280640990905,0.17029303145814886,0.06446706091145817,0.010943917026267597,0.07553970730317516,1.3845491181895824,0.007612840039508129,0.831151373383932,0.31031807338393946,2.0298152022175064,100.0,0.11221678865494429,7.590522655906686,0.2986691029658268,20.629421990755617,0.0,0.04597701149425287
125,up,223.1675145888736,224.3104437929788,1.1429292041052008,8.4,0.20026962079334193,0.20566502419792046,0.03168431665825547,0.013832802586136589,0.17522486963672698,1.3925784394835912,0.02786678172736856,0.25956871112640556,0.18665211112642055,49.37833927089838,10.85910049903666,6.267062863091587,1.2856507287383911,7.109173660142764,1.4524377381370996,0.0,0.0
126,down,224.3104437929788,225.26208261558048,0.9516388226016943,7.0,0.19458897695460156,0.20326543653369142,0.022577801290222705,0.012324743902786539,0.20447776229075326,1.3728377520037043,0.006888218799179668,0.5749729070212197,0.3249729070212197,2.866925926951265,100.0,0.4560136456769666,16.118553167772355,0.4304591114479499,15.442156438556639,0.0,0.13043478260869565
127,up,225.26208261558048,227.99319215077875,2.7311095351982715,8.4,0.2768824328048012,0.26598205120059165,0.10174301867654748,0.022815546264548556,0.10138093300044088,1.392577429418501,0.016189526490807182,0.2795840844195254,0.21708408441952542,49.18839518831643,10.496891452641185,3.3111607281632542,0.5158788259565872,9.030282485935084,1.403128917956129,0.0,0.0
128,down,227.99319215077875,229.26297934786652,1.2697871970877657,7.0,0.13311017156138932,0.09002995281770075,0.030236254114614558,0.0044122977664758445,0.10482872395207254,1.3838695151043972,0.012153511762429403,0.777641149221239,0.26722454922125394,2.049234890385528,100.0,0.2015640875789044,14.36883326033645,0.256154361298191,17.729848948506177,0.0,0.09836065573770492
129,up,229.26297934786652,231.4312798699914,2.1683005221248948,8.4,0.2677795314765598,0.26788524508340766,0.07700165160575825,0.022492753655141376,0.12349742516970884,1.3896677518162672,0.01962175291191315,0.2682706521334808,0.21618735213348828,49.275131495254485,8.811661288165071,3.855270901982202,0.5979811946723516,8.346635928794878,1.2859175398185507,0.0,0.0
130,down,231.4312798699914,231.9508378988816,0.5195580288901738,7.0,0.19144703691680198,0.20762386347883974,0.018779571209035655,0.013515702924636223,0.368480566695796,1.3808710548628707,0.054583384875477314,,0.3291368300085935,1.467266065630809,100.0,0.5007750076491224,27.674087142162684,0.25436929098402555,14.397056227272227,0.0,0.24
131,up,231.9508378988816,233.9924180284128,2.041580129531212,8.4,0.17288092634943322,0.1338901040911277,0.059076947904360494,0.007717875329107542,0.08467996129504364,1.3419055181079154,0.020068796324560267,0.20541210111841224,0.15332880111841973,47.12834619559439,8.35396418379662,3.9155015636415094,0.5762416653328136,7.987700913145332,1.1599624683186678,0.0,0.0
132,down,233.9924180284128,234.9300752851932,0.9376572567803976,7.0,0.1316708572446408,0.0903749840934747,0.02569526966924882,0.004543688901965099,0.14042535936505696,1.380004273096814,0.030025258519785325,0.7679986715872076,0.2679986715872076,0.6672255472726007,100.0,0.08896340630301343,18.8330890628975,0.0834031934090751,17.11315451914671,0.0,0.13333333333333333
133,up,234.9300752851932,235.5351038763409,0.6050285911477147,8.4,0.17073753982351728,0.1854528410844363,0.01568467023720859,0.011123044739432354,0.28219747351052465,1.3772410906180923,0.032034511854579506,0.18450801480679502,0.18450801480679502,48.83450432823076,6.141943980679069,10.5968584410568,1.708336352127688,6.395928146615964,1.010088402091161,0.0,0.0
134,down,235.5351038763409,238.15877295451057,2.6236690781696552,7.0,0.2417528903486495,0.24198985599320158,0.06038900863498352,0.018479666815632106,0.0921430573543608,1.368295775493694,0.009282675662294793,0.40239612365908783,0.20447942365908034,1.217378907936418,100.0,0.07919694614018326,6.808211577922194,0.2015514076035198,17.863962438331768,0.0,0.047619047619047616
135,up,238.15877295451057,239.3260017871877,1.1672288326771252,8.4,0.2153595066139325,0.2258549719578036,0.034283506927734346,0.015943738395536197,0.18450495788387067,1.3909582032335823,0.02764938623518276,0.2578937454894401,0.1953937454894401,49.32088859308837,10.404529404713406,6.116359404756793,1.218903277520221,7.1292003988308315,1.41446077286946,0.0,0.0
136,down,239.3260017871877,242.26709916441013,2.941097377222434,7.0,0.18375143827183701,0.16434343873664173,0.051964316404619675,0.009577699371388781,0.062477169132486014,1.3728538827485401,0.006967642969479826,0.5594149128123149,0.3094149128123149,2.6432540987840105,100.0,0.1303234675682474,6.162159508828197,0.3762729039948852,18.095245516417165,0.0,0.0425531914893617
137,up,242.26709916441013,243.914956816138,1.6478576517278611,8.4,0.255254399355644,0.2648366233597328,0.05473197997705147,0.02040335242187527,0.1549007580163232,1.3932496121591305,0.023635046622437983,0.2954008355898736,0.24331753558988112,49.4021378528256,12.498663186272225,4.688221911357653,1.0233690437059482,7.709522614780598,1.6781968046391946,0.0,0.0
138,down,243.914956816138,245.35429140340295,1.439334587264966,7.0,0.2325405009049632,0.24456967179962388,0.03498829545109193,0.017328534122250692,0.16156111508918738,1.3771278690174498,0.007985235416645864,0.62670988386202,0.34545988386202,3.425001045434852,100.0,0.36761367013594004,11.498118751605952,0.5257645955697074,16.64036317859346,0.0,0.08633093525179857
139,up,245.35429140340295,246.7142545667758,1.3599631633728393,8.4,0.120404642600725,0.08403547801061409,0.030189766769969633,0.0038696951278173676,0.08853522348510523,1.3924785590905726,0.02527915936202696,0.19779189659703889,0.12487529659705388,49.37479769091039,11.368067689521318,5.514359294805532,1.061108535329414,7.460832388715807,1.4289631601793342,0.0,0.0
140,down,246.7142545667758,249.05406052846908,2.339805961693287,7.0,0.1668669999440775,0.1453586199529518,0.03855772287924762,0.0074193740858022016,0.07131659747687712,1.375090906316693,0.007513121936896461,0.5669954332242071,0.2961621332242146,2.984548996515616,100.0,0.17589053320752263,7.52124653004795,0.40571428087177985,17.62155665612164,0.0,0.05333333333333334
141,up,249.05406052846908,250.4366155049596,1.3825549764905247,8.4,0.19172091160951343,0.1841343739060231,0.037634225006714345,0.011449900891814028,0.13867145601412356,1.392691945585466,0.02558849581171252,0.24802277153091268,0.17510617153092767,49.38236399413751,12.116600201393007,5.401803584247801,1.157057138110288,7.420946997517647,1.5845886662234043,0.0,0.0
142,down,250.4366155049596,252.02728348983135,1.590667984871743,7.0,0.20229906059326452,0.20410365587670407,0.03061087790026613,0.012266468430908482,0.12717868374623512,1.375060515384094,0.008660617498880363,0.5946344950403954,0.32380119504040294,3.3657746877733685,100.0,0.31317129724538817,10.363608027247338,0.492583824161757,16.510066859221947,0.0,0.0784313725490196
143,up,252.02728348983135,254.64899021324945,2.6217067234181,8.4,0.26074919918820616,0.24545700363610795,0.09357423786013526,0.01864539598955596,0.09945780619132312,1.3922188245249654,0.01675349108619173,0.27479981016864485,0.20188321016865984,49.36558796804143,11.755266667278626,3.4064886150796987,0.6073179998888257,8.935599983429386,1.5872763155046696,0.0,0.0
144,down,254.64899021324945,257.26898189761374,2.619991684364294,7.0,0.2716094693354381,0.2690841209620946,0.06977489496842897,0.02265044347406315,0.10366806542034523,1.3838398702882646,0.0074522165890105185,0.8718430867505447,0.36142648675055966,2.626821913932832,100.0,0.1698701754301135,7.620015951448075,0.4377070983551602,19.916190223914665,0.0,0.04780876494023904
145,up,257.26898189761374,258.75027359259843,1.4812916949846908,8.4,0.2520750742881241,0.26601651121210784,0.048355219632476645,0.019954640339560976,0.17017247524008383,1.3927948013417506,0.02490668571184962,0.2831014023862508,0.2101848023862658,49.386011075182125,11.306240485737664,5.04913011416753,1.0424465788379096,7.514584290394341,1.5458345226017611,0.0,0.0
146,down,258.75027359259843,261.0187146446787,2.268441052080277,7.0,0.28215606059606774,0.3035317920387914,0.057740660565245835,0.02862970283167378,0.124383245637931,1.3761551888158863,0.007802192241063821,0.666393107401575,0.385143107401575,2.889326234068375,100.0,0.22319482351793016,7.807650242942376,0.49799744009039976,17.641995744894494,0.0,0.055299539170506916
147,up,261.0187146446787,262.03035461235504,1.0116399676763308,8.4,0.23870594635101153,0.26487008961108693,0.03234763236574542,0.019487938846392598,0.23595938671670227,1.3924027958946823,0.02944273614122217,0.28336865532128286,0.21045205532129785,49.37211126357183,11.82408004841646,6.844492197718366,1.5923639734928856,6.909220896137317,1.6024040645591138,0.0,0.0
148,down,262.03035461235504,264.44789377351754,2.4175391611624946,7.0,0.24806496168273126,0.2611527055851165,0.04974159980819641,0.019446930100715465,0.10261052464748785,1.3715887141814846,0.008090399884938648,0.605062087644967,0.35506208764496705,3.4342234006103856,100.0,0.23431488700991332,6.9957290813846615,0.5596928816333433,16.900452177384768,0.0,0.05172413793103448
149,up,264.44789377351754,265.1515138232773,0.7036200497597633,8.4,0.15792789152725484,0.16247508504922914,0.014988160641358585,0.007468517940910047,0.22445052778296481,1.392041262553076,0.03173304323265036,0.239606226482465,0.18752292648247249,49.359291938287576,12.722634814576026,9.313855134684832,2.328367858847495,6.590797955253423,1.6433673886234994,0.0,0.0
150,down,265.1515138232773,267.8835861144261,2.7320722911488247,7.0,0.24501431891451525,0.2593907377965173,0.05221992097744846,0.020175433582236807,0.08968075980576919,1.3691030849907087,0.007026079340718638,0.40056947672269416,0.23390287672270915,4.083108484020052,100.0,0.26015148892556467,6.136029413627302,0.7034806733776867,16.74106060151164,0.0,0.04580152671755725
151,up,267.8835861144261,268.77451694795093,0.8909308335248056,8.4,0.24841801068751387,0.28292888154559975,0.031205820273744102,0.02187590255485818,0.2788297377751461,1.3930608304596666,0.030741543093418144,0.303913885573877,0.2518305855738845,49.39544399161106,13.713395016462837,7.54073822862,2.040864244235015,6.748674635692085,1.8230878125622887,0.0,0.0
152,down,268.77451694795093,271.3969829113144,2.6224659633634815,7.0,0.24479533045280372,0.25980238744545475,0.049903438665179295,0.020720143972427513,0.09334547478314568,1.3702651140998707,0.00686213059517371,0.4025663520490639,0.36089975204907887,4.552783211558618,100.0,0.3063664755723745,6.378152898775945,0.7976419709308173,16.737615450050672,0.0,0.047619047619047616
153,up,271.3969829113144,273.0162493143512,1.6192664030368178,8.4,0.23938451368265035,0.2427831513707542,0.05261809777475329,0.018757656780721988,0.14783516364799634,1.3933162193247588,0.023868442189673544,0.2905170886855899,0.2488503886855824,49.40449962371691,14.006410737896998,4.760479288437399,1.1405093688283945,7.679673975329011,1.8364115091846656,0.0,0.0
154,down,273.0162493143512,274.2156830489764,1.1994337346251882,7.0,0.25787964087443627,0.28354688654027704,0.03714572303310374,0.023602649375733267,0.21500115715439772,1.3770665519446226,0.008209222213836576,0.6504173856487796,0.3691673856487796,4.237618199699265,100.0,0.5889652705527021,13.54451006988169,0.6990147295161041,16.214129726359015,0.0,0.10434782608695652
155,up,274.2156830489764,274.7614276580905,0.545744609114081,8.4,0.1252965529509324,0.12332948066644345,0.009766750841234116,0.004873316274833516,0.2295882558589612,1.395519280837469,0.03215760246666477,0.2114002510235764,0.1384836510235914,49.48261624230368,12.11187861049392,11.680734494977246,2.8625612974951453,6.442405425591819,1.5693077548053447,0.0,0.0
156,down,274.7614276580905,276.2877363341063,1.5263086760157876,7.0,0.24875844787655776,0.27844681730058446,0.03588740568908451,0.024158810851430845,0.16298043232375933,1.3681223891996588,0.008328276554524727,0.41565564190949544,0.24898904190951043,3.81403867943028,100.0,0.44055967831155546,10.063212436995894,0.6636843933877327,15.299054850550064,0.0,0.0821917808219178
157,up,276.2877363341063,277.7699562066725,1.4822198725661906,8.4,0.2222970796809764,0.22345033663443312,0.044159908955534274,0.01499678955018816,0.1499757787595372,1.3915877640090848,0.024872441874888906,0.27476366589371537,0.22268036589372286,49.318380955264224,12.601080434274111,5.085807940615493,1.1234436211274519,7.516235123383977,1.6563462229029073,0.0,0.0
158,down,277.7699562066725,279.37709067772414,1.6071344710516655,7.0,0.2613284352196162,0.2833608209559399,0.041422268597254064,0.022582076774432476,0.16260520816818141,1.376103537251332,0.009542003118331088,0.6467104933275323,0.3654604933275323,3.559902356626818,100.0,0.3598858406114059,10.289494572672345,0.5745431829666,16.606334422526423,0.0,0.07741935483870968
159,up,279.37709067772414,280.0,0.6229093222758593,8.4,0.24067571456416625,0.28417342886783586,0.026416378680655276,0.023808824946820902,0.38637359557380574,1.391763844904764,0.03218679861625695,0.2999926222758518,0.22707602227586676,49.349455204952,11.87548137886044,10.27213546508775,2.6184002616266118,6.413749275015528,1.6295880521082993,0.0,0.0
