segment,start_d,end_d,duration_d,pH_sp
0,0.0,1.9567581112961003,1.9567581112961003,7.0
1,1.9567581112961003,3.818156621971438,1.8613985106753377,8.4
2,3.818156621971438,5.095955173367859,1.2777985513964207,7.0
3,5.095955173367859,5.914398024677552,0.8184428513096931,8.4
4,5.914398024677552,7.726811736070119,1.8124137113925674,7.0
5,7.726811736070119,8.867305897050882,1.1404941609807624,8.4
6,8.867305897050882,11.187295028026094,2.3199891309752125,7.0
7,11.187295028026094,13.57035001186875,2.3830549838426567,8.4
8,13.57035001186875,16.298093720335366,2.7277437084666154,7.0
9,16.298093720335366,18.297763543090745,1.9996698227553793,8.4
10,18.297763543090745,20.347433097131635,2.0496695540408894,7.0
11,20.347433097131635,21.56059095521877,1.2131578580871363,8.4
12,21.56059095521877,24.390649715286827,2.830058760068056,7.0
13,24.390649715286827,25.78847660363983,1.397826888353002,8.4
14,25.78847660363983,28.317539850249815,2.5290632466099865,7.0
15,28.317539850249815,29.855945559690575,1.5384057094407595,8.4
16,29.855945559690575,32.195212585345345,2.3392670256547703,7.0
17,32.195212585345345,33.02557564920001,0.8303630638546622,8.4
18,33.02557564920001,34.19542469007696,1.1698490408769544,7.0
19,34.19542469007696,34.9103586089267,0.7149339188497379,8.4
20,34.9103586089267,37.711623709005586,2.8012651000788864,7.0
21,37.711623709005586,40.60645208477018,2.8948283757645967,8.4
22,40.60645208477018,43.4740344956752,2.8675824109050154,7.0
23,43.4740344956752,44.030735423180246,0.5567009275050481,8.4
24,44.030735423180246,45.717948861726484,1.6872134385462374,7.0
25,45.717948861726484,46.90911385020053,1.1911649884740427,8.4
26,46.90911385020053,47.4860031549956,0.576889304795074,7.0
27,47.4860031549956,48.18678663399923,0.7007834790036327,8.4
28,48.18678663399923,50.78100295774003,2.5942163237407954,7.0
29,50.78100295774003,53.32308304645891,2.5420800887188832,8.4
30,53.32308304645891,55.947334849372865,2.624251802913953,7.0
31,55.947334849372865,58.41568835645697,2.468353507084103,8.4
32,58.41568835645697,61.14536050124404,2.7296721447870738,7.0
33,61.14536050124404,63.538975667014945,2.3936151657709033,8.4
34,63.538975667014945,65.0610924085894,1.5221167415744574,7.0
35,65.0610924085894,67.7812635710963,2.720171162506901,8.4
36,67.7812635710963,69.63328761086689,1.8520240397705834,7.0
37,69.63328761086689,70.2789785920852,0.6456909812183085,8.4
38,70.2789785920852,72.57580043289028,2.2968218408050802,7.0
39,72.57580043289028,74.21269206480763,1.6368916319173508,8.4
40,74.21269206480763,76.74978567778085,2.537093612973223,7.0
41,76.74978567778085,77.79058955002198,1.0408038722411277,8.4
42,77.79058955002198,80.77020506413098,2.9796155141089997,7.0
43,80.77020506413098,81.34282716792399,0.5726221037930088,8.4
44,81.34282716792399,83.98606973807371,2.6432425701497237,7.0
45,83.98606973807371,84.71423961161781,0.728169873544104,8.4
46,84.71423961161781,85.87103686590737,1.1567972542895575,7.0
47,85.87103686590737,86.92814096687025,1.0571041009628743,8.4
48,86.92814096687025,87.73329946098345,0.8051584941132006,7.0
49,87.73329946098345,90.63787746678156,2.9045780057981148,8.4
50,90.63787746678156,91.20620320851145,0.5683257417298933,7.0
51,91.20620320851145,93.15775625488423,1.95155304637278,8.4
52,93.15775625488423,94.55278446615651,1.395028211272276,7.0
53,94.55278446615651,95.55815519811293,1.0053707319564182,8.4
54,95.55815519811293,96.73879138708686,1.180636188973935,7.0
55,96.73879138708686,99.4135193386922,2.674727951605334,8.4
56,99.4135193386922,102.22413036883144,2.810611030139242,7.0
57,102.22413036883144,102.79620275529123,0.5720723864597943,8.4
58,102.79620275529123,105.20152991820211,2.4053271629108792,7.0
59,105.20152991820211,106.73221826329309,1.5306883450909794,8.4
60,106.73221826329309,107.2809162715536,0.5486980082605015,7.0
61,107.2809162715536,107.96063984474142,0.6797235731878288,8.4
62,107.96063984474142,110.38298580118744,2.422345956446023,7.0
63,110.38298580118744,111.62803577253129,1.245049971343846,8.4
64,111.62803577253129,113.3227731163029,1.6947373437716067,7.0
65,113.3227731163029,115.89127168060428,2.568498564301379,8.4
66,115.89127168060428,116.39152913393944,0.5002574533351662,7.0
67,116.39152913393944,117.07361516983488,0.6820860358954377,8.4
68,117.07361516983488,118.60858664461932,1.5349714747844416,7.0
69,118.60858664461932,120.41175308919476,1.8031664445754387,8.4
70,120.41175308919476,122.65911533704735,2.2473622478525925,7.0
71,122.65911533704735,125.29518793019919,2.6360725931518374,8.4
72,125.29518793019919,128.08194332371724,2.7867553935180496,7.0
73,128.08194332371724,130.60259116627105,2.5206478425538137,8.4
74,130.60259116627105,133.18305322924678,2.5804620629757267,7.0
75,133.18305322924678,135.7808635381775,2.5978103089307183,8.4
76,135.7808635381775,138.0333011827567,2.252437644579203,7.0
77,138.0333011827567,138.64070875914678,0.6074075763900737,8.4
78,138.64070875914678,140.80043479062974,2.159726031482961,7.0
79,140.80043479062974,142.1815416111943,1.381106820564554,8.4
80,142.1815416111943,143.60934501085745,1.427803399663162,7.0
81,143.60934501085745,144.70232622238797,1.092981211530514,8.4
82,144.70232622238797,147.0491471738477,2.3468209514597334,7.0
83,147.0491471738477,148.76665982837488,1.7175126545271837,8.4
84,148.76665982837488,150.706856409019,1.9401965806441126,7.0
85,150.706856409019,152.26264953292952,1.5557931239105187,8.4
86,152.26264953292952,153.04344437303962,0.7807948401101044,7.0
87,153.04344437303962,154.66433564688782,1.6208912738482013,8.4
88,154.66433564688782,157.6587104599824,2.9943748130945664,7.0
89,157.6587104599824,160.11723589507426,2.4585254350918717,8.4
90,160.11723589507426,162.13755593758793,2.0203200425136743,7.0
91,162.13755593758793,164.14349983746183,2.0059438998738983,8.4
92,164.14349983746183,166.5835931836938,2.4400933462319756,7.0
93,166.5835931836938,168.58091931974351,1.9973261360497077,8.4
94,168.58091931974351,170.5465329600398,1.965613640296283,7.0
95,170.5465329600398,173.33934556098487,2.7928126009450693,8.4
96,173.33934556098487,174.91100780414695,1.5716622431620806,7.0
97,174.91100780414695,175.41225148091712,0.5012436767701729,8.4
98,175.41225148091712,177.8681952715439,2.455943790626776,7.0
99,177.8681952715439,180.4152611622676,2.547065890723701,8.4
100,180.4152611622676,181.6476737862746,1.2324126240069972,7.0
101,181.6476737862746,183.92783842782535,2.280164641550755,8.4
102,183.92783842782535,185.3927536127322,1.4649151849068573,7.0
103,185.3927536127322,187.31030496044818,1.9175513477159711,8.4
104,187.31030496044818,190.2032494684552,2.8929445080070195,7.0
105,190.2032494684552,190.93975145588897,0.736501987433769,8.4
106,190.93975145588897,193.0832776327623,2.143526176873337,7.0
107,193.0832776327623,195.20257791205148,2.1193002792891775,8.4
108,195.20257791205148,195.92873850067107,0.7261605886195923,7.0
109,195.92873850067107,197.75777714402543,1.8290386433543517,8.4
110,197.75777714402543,199.2363848633194,1.4786077192939615,7.0
111,199.2363848633194,200.21561646271812,0.9792315993987302,8.4
112,200.21561646271812,201.3027156356805,1.0870991729623825,7.0
113,201.3027156356805,204.1401917917599,2.83747615607939,8.4
114,204.1401917917599,205.9803348916395,1.8401430998796116,7.0
115,205.9803348916395,206.91445064228662,0.9341157506471234,8.4
116,206.91445064228662,209.74679189198898,2.8323412497023526,7.0
117,209.74679189198898,210.6099078342744,0.8631159422854182,8.4
118,210.6099078342744,211.40588479387833,0.7959769596039337,7.0
119,211.40588479387833,212.52690051218744,1.1210157183091098,8.4
120,212.52690051218744,213.11322999434424,0.586329482156799,7.0
121,213.11322999434424,215.29630105390862,2.1830710595643836,8.4
122,215.29630105390862,217.70515570717325,2.4088546532646262,7.0
123,217.70515570717325,220.45009862661607,2.7449429194428205,8.4
124,220.45009862661607,223.16751458887356,2.7174159622574905,7.0
125,223.16751458887356,224.31044379297882,1.1429292041052577,8.4
126,224.31044379297882,225.26208261558048,0.9516388226016659,7.0
127,225.26208261558048,227.99319215077875,2.7311095351982715,8.4
128,227.99319215077875,229.26297934786655,1.269787197087794,7.0
129,229.26297934786655,231.4312798699914,2.1683005221248663,8.4
130,231.4312798699914,231.95083789888156,0.5195580288901454,7.0
131,231.95083789888156,233.9924180284128,2.0415801295312406,8.4
132,233.9924180284128,234.9300752851932,0.9376572567803976,7.0
133,234.9300752851932,235.53510387634094,0.6050285911477431,8.4
134,235.53510387634094,238.15877295451057,2.623669078169627,7.0
135,238.15877295451057,239.32600178718772,1.1672288326771536,8.4
136,239.32600178718772,242.26709916441015,2.941097377222434,7.0
137,242.26709916441015,243.91495681613802,1.6478576517278611,8.4
138,243.91495681613802,245.35429140340298,1.439334587264966,7.0
139,245.35429140340298,246.7142545667758,1.3599631633728109,8.4
140,246.7142545667758,249.05406052846908,2.339805961693287,7.0
141,249.05406052846908,250.43661550495958,1.3825549764904963,8.4
142,250.43661550495958,252.02728348983138,1.5906679848718,7.0
143,252.02728348983138,254.64899021324945,2.6217067234180718,8.4
144,254.64899021324945,257.26898189761374,2.619991684364294,7.0
145,257.26898189761374,258.75027359259843,1.4812916949846908,8.4
146,258.75027359259843,261.0187146446787,2.268441052080277,7.0
147,261.0187146446787,262.03035461235504,1.0116399676763308,8.4
148,262.03035461235504,264.44789377351754,2.4175391611624946,7.0
149,264.44789377351754,265.1515138232773,0.7036200497597633,8.4
150,265.1515138232773,267.8835861144261,2.7320722911488247,7.0
151,267.8835861144261,268.77451694795093,0.8909308335248056,8.4
152,268.77451694795093,271.3969829113144,2.6224659633634815,7.0
153,271.3969829113144,273.0162493143512,1.6192664030368178,8.4
154,273.0162493143512,274.2156830489764,1.1994337346251882,7.0
155,274.2156830489764,274.76142765809055,0.5457446091141378,8.4
156,274.76142765809055,276.2877363341063,1.5263086760157307,7.0
157,276.2877363341063,277.7699562066725,1.4822198725661906,8.4
158,277.7699562066725,279.37709067772414,1.6071344710516655,7.0
159,279.37709067772414,280.0,0.6229093222758593,8.4
